Item1.Centroid.X,Item1.Centroid.Y,Item1.MajorAxisLength,Item1.MinorAxisLength,Item1.Area
163.2199,203.9565,25.0338784547627,20.5539535573419,536.5
163.0346,203.8987,25.2847783932926,21.0235313468996,554.5
163.0184,203.8215,25.2742541875623,20.6266763025817,542.5
162.8791,204.1369,25.1455862229558,20.333734326916,532
163.3127,203.7154,25.4651133179147,20.3515829367492,540
163.1786,203.7437,25.6857458349516,20.7411931835449,556
163.0683,203.8565,25.4311428346175,20.6340005300473,547
162.9949,203.9091,25.252540371916,21.0340213285253,554
162.9678,204.0482,25.4699118793554,20.8239124272559,553.5
163.433,204.0581,25.0920270749566,20.438092979078,533.5
162.8099,203.9945,25.3524937770624,20.6823419087174,544.5
162.9263,204.2292,24.9995384029465,20.8199958691157,542.5
163.0206,204.3212,25.3748845174476,20.3604278133807,535
163.2881,204.1947,25.3229766006086,20.0764200584324,526.5
163.8136,202.1883,25.3585092179499,20.1405069726914,531
163.7906,200.0249,25.2827991004868,20.6480589236628,542
163.5091,200.599,25.3883288102329,20.6325387377407,547
163.5687,200.6718,25.5895233832033,20.8470686987906,556.5
163.5962,200.4564,26.1810264810691,20.8789079331987,570
163.6337,200.6012,25.882926066833,20.929469676653,565.5
163.667,200.6499,25.8779411332749,21.0205059090044,568
163.6851,200.8268,25.4798436177799,21.0819628912855,560
163.9625,200.5132,26.0239723438557,20.3921778974328,551.5
172.1826,193.6353,25.9561415708419,21.7920660236486,590.5
174.7141,191.993,26.04281510276,21.7070253843468,590.5
174.7531,192.1588,25.1803845245115,21.7851479479516,573
174.9266,191.8974,25.6137106140827,21.7304210663525,581.5
174.9733,191.9466,25.7460055463521,21.6176040491272,581
174.9625,191.5706,25.9072709022733,21.6874453294334,586.5
175.0091,191.6353,25.8725643761587,21.6087755428788,583.5
175.2163,191.4501,25.615011149506,21.6186634913756,578
175.1649,191.3941,25.4844250501482,21.8082436496579,581
175.4156,191.2989,25.8118432145393,21.3568749630157,575.5
175.5043,191.2081,25.9591045485461,21.5865363463777,584
175.0533,191.512,25.1214058793981,21.937057743282,575.5
170.4387,194.4025,25.7829000811224,21.0592149617339,566.5
170.6785,194.2956,25.6835106995499,21.1933007788723,566
170.509,194.4604,25.8537744053701,20.9869126152797,566.5
170.6326,194.0816,25.980090548511,21.4588638323414,582
170.9527,194.4901,26.1967937777636,21.3193803321382,581.5
170.8364,194.3944,26.7104285028171,21.7510396336801,606
170.7338,194.1206,26.5996077475622,21.714640134684,601
170.9275,194.0692,26.6772616341849,21.9477300675905,609.5
171.4664,193.9369,26.99549024528,21.8934596031919,615
171.557,194.0958,27.2606268516381,21.9423635105173,624.5
171.6604,194.1251,27.3941553783056,22.3421175243123,638
171.6302,194.0102,27.4224656917472,22.3658626498338,640
171.6864,193.9667,27.8395982423798,22.9129848540917,665.5
171.7363,194.0012,28.1869627954393,22.9579947566694,675
171.7075,194.032,28.0116596021651,23.199686974822,677
171.9463,194.1365,27.6933804503249,23.372139922466,673
171.946,194.2504,28.6304889471456,22.8348354371912,681.5
171.7918,194.2555,28.2216525271664,23.4600408240888,691.5
173.4828,193.7529,28.3790708910283,23.1173360093156,684.5
179.8483,188.8448,28.7000860647792,23.5770762993128,706.5
179.8835,189.1201,28.1430107254398,24.0481381749111,706.5
179.8498,189.1836,28.7046505152703,24.0023605302015,719
179.8421,189.0569,28.9696713905083,23.8935998640629,723
179.8618,188.9763,28.876657316344,24.0695561395061,726
179.8677,189.1486,28.8419851761873,24.0661967475062,724.5
179.6297,189.1602,29.3092783649644,23.7309018604919,725
179.7994,189.301,28.6308755210777,24.2693880993413,726
180.0237,189.1808,29.4983726760514,23.93990168601,737.5
179.7509,189.4144,28.7801076816304,24.2172935502212,728
162.4936,197.0026,28.2056843368467,21.5917835959416,635.5
154.0257,200.5955,27.6859919293283,21.3146256177003,616
154.0809,200.1442,27.3260914389734,20.6109192783768,587
154.1746,199.9189,28.2617363766839,20.6626352034313,608
153.8573,199.8584,27.8887248510878,20.3751334218368,592
154.0571,199.6419,27.8384721722534,20.2265368910444,586.5
154.2385,199.7676,27.90392391348,19.7746935508488,573
154.392,199.9265,27.3969248143646,20.1177263120713,574
154.6753,199.8035,27.6523942367227,20.065157438323,577.5
154.5318,200.0315,27.1166981282395,20.2378305657805,572
155.0822,199.7063,27.939159717043,19.9286078436999,580
155.4336,199.7278,27.4711184448547,20.5590841805342,586.5
156.0538,199.8089,27.8784409633779,20.2333329811271,586
156.4326,199.6223,27.3300879340405,20.9886724444738,598
156.6658,199.2682,27.5221084972974,20.796753645521,596
156.9097,199.4674,28.062171719208,20.53707135373,601.5
157.1303,199.3043,28.1146994089225,20.9218649092996,614
157.2984,199.7238,28.268759521769,20.8383512441991,615
163.324,198.2085,28.3093168978292,22.2830478206863,658
169.6813,196.4789,28.5600006321514,23.7140548370237,707.5
169.7852,196.731,28.7325939442709,23.0563789154992,692
169.827,196.6499,28.9697027861638,23.3010763194736,705
169.8723,196.7275,28.5546660491163,23.6120972177974,704.5
170.0343,196.9217,28.4742277549281,23.7173007084453,704.5
170.1207,196.621,29.1239365373044,23.390797632573,711
170.2089,196.9065,28.5498133214611,23.5548733543007,702
170.1506,196.938,28.4795218471662,23.673724030546,704
170.3789,196.7968,28.9904228921858,23.7211511324039,717
170.4775,196.8934,28.8319319754713,23.4662659041298,706.5
170.6415,196.8279,29.3043902833481,23.4119648456623,716.5
170.6801,197.1154,28.781285821542,23.9653016113917,721
170.635,196.9125,29.3342471102301,23.6940153717071,726
170.5829,196.9212,29.0820226873117,24.3988619637307,740.5
170.6142,197.1413,29.5561377674452,24.0188689575079,740.5
170.5062,197.4403,29.4356412971828,24.4255531725815,751
170.2962,197.5277,29.6121854569507,24.3961930328605,754.5
170.2511,198.0078,29.4937986871995,24.4443994817448,752
169.8416,198.3819,29.6050882227192,24.5423296145475,758.5
169.7622,198.5365,29.768810633637,24.146630932156,750.5
169.4139,198.5581,29.8748236524072,24.9327717288661,778
169.1272,198.9534,30.5793024724466,24.6251925801118,786.5
169.0645,199.2788,30.4170731451771,24.7425309185127,786
168.8791,199.436,30.4160071727524,24.9885532770912,794
168.535,199.4974,30.7209608663403,24.8224445578523,796.5
168.3809,199.6622,30.5983591105346,24.6931387008709,789
168.3167,199.545,30.7418154511641,24.9876671303791,801.5
168.1155,199.4668,31.5321830162127,25.134655428545,828
167.6439,199.6679,31.1241222810356,25.2228089819712,820
167.4231,199.5333,31.0225642870137,24.6822052203053,800
166.9282,199.5131,31.2156853569949,24.889405455891,812
166.8987,199.7028,31.1596892685779,24.2471297964338,789.5
166.837,199.5091,31.1793476313155,24.3842449942905,794.5
166.524,199.3763,31.1468718529413,24.7162012252612,804
166.5181,199.5432,30.8928355026703,24.4947163456732,790
169.1153,206.175,31.3937457297172,25.2003426567072,826.5
168.9053,206.1845,30.5505194595624,25.5847731563893,816.5
168.938,206.2508,31.107795335169,25.2300473050199,820
168.4412,206.3497,30.5903401034412,24.831661810009,792.5
168.2307,206.3616,31.0086414549845,24.9803280491424,809
167.9614,206.5135,30.9223847953021,25.1213378349944,812
167.426,206.5755,30.7458105967957,24.5758181528351,789.5
166.8231,206.4008,30.8225243285301,24.714312791215,796
166.7195,206.4814,31.2986090739818,24.5242337254632,801.5
166.2104,206.3458,30.9355159556967,24.421024770131,789
162.8749,205.9013,30.7414652681073,23.6309131723863,758
162.2851,205.9143,30.3757616067438,23.571540037728,747
161.4219,205.8742,29.9917023299229,23.4949476025868,735.5
160.9619,205.5973,29.8360949474844,22.9163906711592,714
160.6986,205.1251,29.9552305681943,23.1083749016064,721
160.2712,205.2017,29.3833159328668,22.8267739449724,700
159.8552,204.7912,29.0690345592652,22.7766429342763,690.5
159.7935,204.6632,28.7665813063657,22.3623254648719,670
160.0696,204.2461,28.525741920002,21.8928320873368,651.5
160.4898,204.1889,28.215260323787,21.9875360398225,647.5
160.8745,203.8584,28.6705671327395,21.8563560407559,654.5
161.5343,204.1141,28.3288199674412,22.1857403481636,656
161.9969,201.5173,28.0909834542058,21.7350549483403,635
162.5191,200.9915,28.3276977533858,21.8145541522289,644
162.8905,200.7974,28.1967822676723,21.9147260152977,644
163.3122,200.5177,28.2366281466791,22.2055124050766,654.5
163.5883,200.3584,28.4220401399932,22.2367389958049,659
163.7027,200.2279,28.203142638811,22.3066166359845,656
163.9164,199.8573,27.8941283572835,22.4507426077604,654
164.3076,199.5503,27.9712033103517,22.2720323121673,649
164.4241,199.875,28.4005147993797,22.3660156516105,662.5
164.6623,199.6834,28.1765586453058,22.0905105592192,649
164.9281,199.6521,27.8766047253138,22.0145882521025,639.5
165.0731,199.8313,28.0674479561365,22.3315046359556,652
165.7208,200.024,27.8913409784237,22.4340544738886,653
166.5939,200.2915,28.0731316339304,22.4242868587996,657
167.5974,200.4008,27.9422050859625,22.5149981451902,657
168.5201,200.6182,27.7568227729066,22.2388087205846,642.5
160.5955,197.9994,27.040222070234,20.5111114905218,578.5
156.0647,196.1346,27.0546505558428,19.3748866556448,546
156.3067,196.6457,27.0168426319978,19.7818652559166,556
156.9848,196.8395,27.1946606291717,20.0688965971629,569
157.315,197.0326,26.4933835209229,19.8436776650318,546.5
157.7554,196.5629,26.6903256679693,20.2246810759904,563.5
158.7172,197.1136,26.8485863426788,20.359654900631,570.5
159.06,197.1497,27.0408264289898,20.418775702443,575.5
152.8923,204.8814,26.4119642291701,19.8233622574574,546.5
151.6489,205.8563,26.7404273025399,19.8988007869041,554.5
152.0438,205.5769,26.7604029875929,20.2775399275696,566.5
152.783,205.8834,26.5946137122315,20.0627151474088,556
153.3843,205.3834,26.597399866385,20.0850806647179,555.5
153.8279,205.4384,26.6269938343246,20.3923396910994,566.5
154.3083,204.9927,27.276232783634,20.0954627891245,572
147.3203,202.9016,25.9070739345441,17.0357640280513,459
145.6181,202.5384,25.3809734682796,17.5433433335087,460
145.6408,202.9091,25.8212037566341,16.8817260631373,451
145.904,203.2293,25.4262352616703,17.2115542396012,455
146.2292,203.4029,24.6708423934705,17.1100298526269,438.5
146.7156,203.279,24.9038604306968,17.8580084789175,463
146.7641,203.0046,26.4787756685524,18.3451758167491,504.5
146.2247,204.3374,25.1007792663339,17.5545974737487,455.5
146.5027,204.7798,25.6896802831608,17.5160690191772,468.5
147.0462,204.7297,25.6631174492221,17.7002053716926,473
147.6782,204.9659,25.9748682372094,18.2261145844223,493
148.2586,205.2174,25.7350344550561,18.0189746031177,481.5
148.8513,205.2487,26.0372540332325,18.7865979719574,510
149.9966,205.8125,25.1911137891351,18.4136415967985,483.5
150.9481,206.1135,25.9318145737329,19.142148415807,517
151.6284,205.8314,25.5792115424019,19.5942675102232,522
152.6971,205.8721,25.5638569440336,19.142523377528,509.5
153.6225,206.2125,25.4383321750211,19.4185430537254,513
155.4416,206.6348,25.8804305578321,20.1230701577878,543.5
159.9246,207.3989,25.1131933730157,20.7875440512773,544
161.5529,207.3133,26.1863123631621,21.0396329947392,573
162.3651,207.4056,25.7443024668773,21.6231155165495,581.5
163.1962,207.7257,26.0286456353225,20.9741483546626,567.5
164.516,207.6961,25.9181814303528,21.5599069735451,583
166.0368,207.9199,25.8280030360137,21.6815691958353,584.5
166.7151,208.1319,25.9725636215119,21.9297855609389,595
167.7212,208.4237,25.3382334028869,22.5130291332895,595.5
168.4074,208.6492,25.6949124734056,22.4743438446584,603
168.7833,208.5839,26.0186223988524,22.3174752299765,606
169.2663,208.7432,25.7150208395464,22.1731500382678,594.5
169.6713,208.81,25.7070970811959,22.85593831388,613
170.1623,208.9321,26.0989534024905,22.9037299560045,623.5
167.1807,207.0624,26.1976396511902,22.9666706273772,628
158.0332,200.113,25.9693638917013,19.4342875401432,526.5
157.8964,200.057,26.217356444891,20.6533798565104,564.5
158.1763,200.1289,26.5560544861979,20.6545944900732,573
158.4298,200.3224,26.4243206056216,20.9017750420958,577
158.6881,200.2582,26.6453242983016,20.7159007631219,576.5
158.9883,200.5428,26.0903561541616,20.8631167150188,568
159.2416,200.759,26.7118524211204,20.9358036682048,583
159.5009,200.8693,26.6553980460329,20.9888376839594,584
151.6348,203.8246,25.7479328887181,18.9466625507842,507.5
151.2892,204.3768,26.0317342510055,19.6605402761017,532.5
151.881,204.3447,26.2362591384477,18.7030505549996,511
152.1305,204.1483,26.5744385556616,19.6352790362595,544
152.5683,204.4845,26.1182534038385,19.8285932070506,539
153.2173,204.5212,26.3491754539768,19.9380503041267,547.5
153.8499,204.5308,26.7439136496259,20.1468177538327,562
154.7118,204.3195,27.0433185708831,20.0706531838107,564.5
152.6261,203.8957,26.1508206730322,19.7965924372258,538.5
150.8271,202.3507,25.9375352752028,18.9091295953719,509
151.081,202.2351,26.2589932693464,19.8613826344485,543
151.5492,202.3186,26.4813916544074,19.6418592405485,542
152.315,202.5529,26.284103935358,19.615192206507,537.5
153.0656,202.346,26.4623481257578,20.1167138890688,554
153.3822,202.4353,26.803674105757,19.9269126669439,555.5
153.9047,202.2076,26.9814665704941,20.2636706353768,570
154.2576,202.3032,26.8789343503979,20.1167794076041,563.5
154.5526,202.3527,26.8040475415548,20.2872886437929,567
154.8239,202.2619,26.8550776981309,20.1735489893646,565
155.4693,202.0307,27.2298375692458,20.1609573383821,570
154.8945,202.3192,26.9197448439485,20.5405045900109,576.5
155.2436,202.1378,26.9670754762507,20.2007170548479,568.5
155.065,202.7892,26.632900896179,20.7097087409406,574
154.9821,202.4899,27.2680764218876,20.9306293197325,596
160.8991,198.0086,27.8142895363674,21.4341073160063,621
164.34,193.6511,27.7497369936532,21.4327199018973,620.5
163.8906,193.9243,27.4432747633683,21.2805691640779,609.5
163.4739,194.0107,27.3891474560807,21.3782944323419,610.5
163.5367,194.4171,27.1835936551913,20.8558661901443,591
163.2492,193.906,27.2545728320118,21.4545523865444,610
158.6841,194.6932,26.8781859246716,20.4286226145959,572.5
157.9622,194.667,26.5528444848645,20.4178074910596,565
157.4573,194.8911,26.7801744687797,19.8277693332174,552.5
156.5761,194.9497,27.1186577246415,19.4684471406398,550
158.4122,192.955,26.6490280313675,20.2626617378784,562.5
161.9469,188.5908,27.0499114094945,20.5325287209601,578
160.6417,188.8722,27.2319879137806,20.2479270867252,574
159.7212,189.1521,26.9071644557343,20.0371700026331,562
158.9786,189.2463,27.1654876500547,19.8420200170431,561
158.3804,189.5406,26.9292721523333,20.3105291072106,570
157.9132,189.2527,27.3091421197598,20.092331761849,572.5
157.4506,189.4859,26.7176522815532,19.8256529290269,551.5
152.5718,190.3326,25.8438846022733,17.9441307639511,479.5
151.0358,190.6091,26.1852729728031,18.3947280613039,498
151.0047,190.7164,26.4567795886895,17.9955415340834,496
150.9195,191.2139,25.9764882093351,18.7204911509182,505
151.1754,191.5638,26.7474848121069,18.5623875190419,517
151.2951,191.7618,26.8115283642612,18.8474481050877,527.5
151.7513,191.635,26.3885880013148,19.0938447227751,526
151.8766,192.0486,26.0280543229444,18.4808783228458,501
149.0816,193.4186,25.7654389954207,18.692359681528,500.5
148.2228,193.7058,25.7192890745618,18.1500286181233,485.5
148.4117,194.5285,26.4519815329751,17.9024952629932,493.5
149.2029,194.6983,26.5205356365426,17.8855315552955,494.5
149.464,194.8469,26.3142537585321,18.1533362374509,497.5
150.1579,195.2525,26.1017901198384,18.3298149754324,497
151.0837,195.3957,26.9428311250014,19.2567638643864,539.5
151.6703,195.6501,26.3988921349806,19.7424456669305,543.5
152.3532,195.7141,27.2657686009623,19.1635631470554,544.5
153.378,195.5899,27.5724140744723,19.174589031677,549
153.5023,196.0521,26.6088119243695,19.8240057815497,550.5
154.2565,196.0309,26.9087275491337,19.8221955587064,555.5
154.9576,196.4664,26.4910424178197,19.4711580634724,535
155.5299,196.3707,26.716062927738,19.9927583528818,557
156.2268,196.3327,27.1008337391975,20.2470286373407,571
156.7774,196.0988,26.8771432111156,20.5552357926872,575
157.5585,196.2528,26.9939170833549,20.1550489818204,567
158.3121,196.0904,27.3950136208899,20.3625113869566,581
159.345,196.1482,26.8872949503432,21.4087776784967,600.5
160.2332,196.3325,27.2354989885215,21.062426284585,597.5
161.1063,196.1873,27.028400114326,20.7878599505256,586.5
161.6577,196.0548,27.5754314965166,21.3649944628826,614
162.2624,196.0811,27.4492642440295,21.1193418893256,604
162.6653,196.4494,27.5956640481049,21.1710329773394,609
156.7678,199.6482,26.5577336159295,20.5351157413294,568.5
156.6673,199.4189,26.254860436061,20.8730043574963,570.5
156.8922,199.5675,26.9145043711895,20.608058530309,578
156.9074,199.5925,27.3070529426154,20.6285879479557,586.5
156.7688,199.6627,27.3464602711377,20.725549472554,591
157.0597,199.4167,27.3736478350955,20.4433621513807,583.5
157.0517,199.697,26.916156040152,20.7798771925257,583
161.3127,197.1001,27.7207769753708,21.4697723100093,621
162.661,193.9917,27.6954708921741,21.5434983493237,621
162.69,194.3161,27.6916465004122,21.4528293958521,620
162.827,194.3255,27.3736098752259,21.4780373962225,613.5
162.7735,194.3228,27.5807168683627,20.9512066517799,602
162.7554,194.6678,26.9549622355268,20.9110448112797,586
162.6457,194.5844,27.4090940458862,21.1001986393043,603.5
162.5752,194.6044,26.6397759429542,20.902687384204,581
162.6444,194.2013,26.778004035244,20.9356216403542,584.5
162.7549,194.3206,26.6494561815106,20.8322665827132,578
162.895,194.1494,26.323163386703,20.7512349311506,570
162.8498,194.3193,26.5451013354507,20.6283897686953,570.5
162.7591,194.3897,26.2223684424636,20.8072774830082,568
162.6973,194.2022,26.6642550244319,20.7487877489255,577
162.6426,194.5494,25.8576230338411,21.0896232350563,568.5
162.9068,194.3236,26.7081198719288,20.2929535783278,565
162.8367,194.5893,26.4490519779205,20.5452442113835,566.5
163.1772,194.4972,26.3020285158061,20.508130635725,563.5
162.9798,194.4234,26.3391106092752,20.7751659658309,570
163.0567,194.6103,26.0392327453298,20.8219432723256,564.5
162.9129,194.1264,26.4644352180297,20.7562693949636,572
163.3482,194.3167,26.066830192177,20.5744918617146,559.5
163.3815,194.27,26.0324144537356,20.8024521658952,563.5
163.3189,194.2075,26.4462521079928,20.9423400859664,577.5
163.4171,194.0387,27.0550829796383,20.691191543896,585
163.3188,194.6131,26.087909235281,20.5961740092337,560.5
163.1297,193.6911,27.0936557790354,19.8133580316183,559
163.2,193.3562,26.3847940741447,20.4853684712183,562.5
163.0631,193.6996,26.6365484881497,20.2944917953378,562.5
163.3764,193.7565,26.8665291706002,20.7154224714788,580.5
163.3816,193.871,26.0399624596192,20.3858547738437,553
163.2621,194.0677,26.1556127222103,20.6223150984428,563.5
163.5728,193.5883,26.0842753007702,21.0144526217626,572
163.6604,193.7964,26.2763872876885,20.560397061892,561.5
165.4577,193.2302,26.2447061557794,20.9816478165321,573.5
165.4306,193.1076,26.1740148558102,20.7451012960389,567
165.7205,193.221,26.4326241968071,20.5972654768214,567
165.6174,193.2451,26.4644659366469,20.9387442415458,578
165.5611,193.0978,26.7195845547001,20.8107460645188,579.5
165.7213,193.0817,26.7479757457824,20.7432139056308,579.5
165.7645,193.0657,26.3605711191121,20.7744096902751,571
165.6493,192.9368,26.4862279321965,20.7951985297127,574.5
165.4994,193.1623,26.433617269699,20.816436804789,574
165.4512,193.2851,26.677368366132,20.6323445047744,574
165.4062,193.1321,26.4006522623587,20.8716161056367,574
165.5893,193.01,26.3805823384819,21.1172829860608,581.5
165.5902,193.0805,26.3527626570646,21.1654224339004,582
165.5027,193.1913,26.5008849042986,20.9151326827385,578.5
165.6599,193.356,26.9559416847872,20.9797047531494,589.5
160.9351,196.6658,26.5210278143391,20.0572116001697,554.5
159.3699,197.9489,26.1858560764979,20.5452528992501,561
159.0958,198.3919,25.924982271909,20.2065948518065,546.5
158.8619,198.4488,25.6121023606993,20.6467527223778,551.5
158.5876,198.6228,26.0760794290904,19.9559464921027,543.5
155.8432,201.2071,25.1956738123285,20.3660216588908,533.5
149.5538,207.9113,25.6927043107444,18.7770877249092,503.5
149.9795,207.8795,26.174246752559,18.564976762943,505
149.8648,207.9347,25.6180855554992,19.1478503337312,510.5
149.8533,207.9379,25.5840686229607,19.2056845468792,512.5
149.8353,208.2047,25.5762098124692,18.9762141533616,504
149.926,208.2236,26.0689526153627,19.2223077291899,522.5
149.8968,208.2128,25.5437600099428,19.5373113960482,520
149.8562,208.3169,26.3953981304493,19.2034792522631,528.5
150.4011,209.7949,26.8786942815951,19.5461679047548,546
150.4681,210.1722,26.3956263328271,19.7094580435434,543
150.3626,209.9085,26.4134009232946,20.2010745330356,557.5
150.4819,210.1911,26.92690170027,19.8025608934051,556.5
150.5311,210.1298,26.7769420977154,19.5861449614573,547
150.5609,210.1895,26.4008424118412,19.6022223435209,539
150.4305,210.0378,26.5266660869548,19.5946651043274,542
150.2526,210.0155,26.1234018699599,19.3359266292178,526.5
150.4859,209.9674,26.0084898157778,19.2548762230952,522
150.4235,209.7488,25.7725415080511,19.4011095119893,521.5
150.2506,209.563,25.5687648117688,19.6158191881102,524
150.3645,209.5014,26.2283910000831,18.9413064449169,518.5
149.1474,209.3111,25.3517389845651,18.6782074588267,494
148.9657,209.1016,25.4019253553389,18.5346663073544,490.5
149.0789,209.0494,25.0135715981818,18.2722904107374,475.5
149.0792,209.1977,24.9920000824313,17.9159064194256,467
148.8319,209.0606,24.0304069335017,18.5096340212165,462
149.6162,210.2008,24.4702178461147,18.6662486182833,475.5
149.2928,210.5012,24.6810790929434,18.3694848805535,472.5
149.4121,210.6588,24.3349957086181,18.3287564283156,465.5
149.5002,210.6112,24.4609494155151,18.5259947515398,471.5
149.4364,210.5985,25.1558142254798,18.5731684200093,486.5
149.4974,210.6996,24.8949824053912,18.371081426524,475.5
149.5952,210.5314,24.1833370082204,18.2360570139493,459.5
149.3701,210.9119,25.085455889588,18.4394479685746,480.5
149.3223,210.9162,24.9242495034235,18.5859767809329,483
149.8713,210.0342,24.8882703215964,18.6500107385305,483
149.6632,209.8521,25.0511493440569,18.1911186348731,475.5
149.7447,209.9706,24.8487209068564,18.8003409913581,487
149.9655,210.0468,24.8192351790058,18.3648015930863,473.5
149.7095,210.0407,24.1856557216623,18.8655142264077,475
149.8524,210.1226,24.9528028367943,17.9702731220981,467.5
149.7729,210.1356,24.7542183355195,18.2947741368878,472
149.912,210.0244,24.9105284904849,18.2242900211701,471.5
150.0879,210.2267,24.7579624636496,17.5371713991158,451.5
149.6072,210.2876,24.244578995651,18.7009034311447,473.5
149.8497,210.1445,24.7337932570945,18.1313460025899,467
150.0321,210.0905,25.3906382085117,17.7376373922322,468
150.3199,210.0431,24.6911606849375,18.0494371094444,460.5
150.1705,210.0798,24.5308894227805,18.4420942324357,472
149.9651,209.8371,24.8569981000991,18.77845183492,487
150.3068,210.0934,24.4399305984618,18.0559760547421,458.5
150.1537,209.7974,24.6656646144723,18.313070582627,470.5
150.2917,209.6411,24.5551448456581,18.6390528136741,476.5
150.5641,209.5602,25.5650925753696,17.949428670026,476
150.8718,209.3391,24.5776368303378,19.0308585413622,487.5
151.4774,209.3128,24.4900287032253,19.0956937272029,487
152.2987,209.2561,24.8432730779069,18.7822559502175,485.5
153.0843,209.4131,24.6450116627147,18.8578243550447,482.5
153.6451,209.0999,24.8930680539024,18.8127493098329,487
154.6303,209.17,25.5173552831843,18.9984515804382,504
155.0989,209.2296,25.3652801118435,19.4130718093417,512.5
155.3742,209.4923,25.003336361181,19.1353211012609,498
155.7483,209.571,25.1916679006227,19.046767259865,500
161.2431,196.6465,25.3588440978534,19.363647442204,511.5
160.9662,196.4899,25.3215515394125,19.6656449053788,518.5
160.9776,197.0006,25.3308707460937,19.9605700313695,527.5
161.284,197.0992,25.5812914234588,19.7753104299834,527.5
161.4474,196.8922,25.6976328806933,19.9229013444075,533.5
161.5137,196.8232,24.5434485480347,20.1908996615618,516.5
161.7975,196.3637,25.5398886875449,19.7836824332463,527.5
161.949,196.4805,25.5032802833995,19.5333250873408,520
162.395,196.5135,25.9033459295607,20.1175670673768,543
163.1498,196.7849,25.3916329171541,20.1282342020613,533
169.827,200.1974,25.7623978239628,21.5964481888261,580
170.2421,202.1036,26.0505556382899,21.7737711222954,592
170.2306,202.5133,25.3554233915805,21.2079056887128,559.5
170.7268,202.7907,25.9390722222424,21.2968497759295,576.5
170.9617,202.7147,25.9039354794352,22.2056463966338,600.5
171.1351,203.1249,26.4092692670952,21.8519980628523,602
171.153,203.4492,26.0903529069264,22.4184041391394,610
171.2923,203.5743,26.4958134946969,22.3304453776052,617
171.119,203.8994,26.3793486849931,21.9950558773423,605
171.3441,203.9235,26.5166219139699,22.4955071618693,621
171.2641,204.2979,26.804417269344,22.8550358722253,640
171.1783,204.3755,27.1029320581751,22.8052738371877,645
170.9089,204.5321,27.016219340114,22.7812515611127,640.5
172.392,208.2567,26.78057522325,23.5792465132299,659
172.2488,208.738,27.2309294772633,23.9935467099398,682
172.2416,208.7426,27.2016801929009,23.7179962725176,674
172.2763,209.0691,26.8422853059232,23.5732075213124,660.5
172.2676,209.1355,27.0389575928584,23.1786142083738,654.5
172.1729,208.9235,27.4578704963327,23.4869436172019,673
172.0834,208.9876,26.952611954487,23.8559229383354,671.5
172.2725,209.2039,26.739855307677,23.8460972474055,665.5
174.3407,208.1372,27.2706819700348,23.7441504844164,676.5
174.2747,208.3211,27.1881151581087,23.4655274909215,665
174.4371,208.3567,27.25714647655,23.810137453364,676.5
174.1918,208.5524,27.1717073156731,23.7781423035903,675
174.4108,208.4725,26.4885046595558,24.0285516461359,664.5
174.6835,208.2358,27.1623551992664,23.4495735516105,665
174.6208,208.2747,27.1174276049853,23.5148325363972,665.5
174.7175,208.3305,26.5436494935564,23.4175967884531,649.5
174.6736,208.1603,26.5570311094988,23.2620302055091,644.5
174.6294,208.2284,26.6689510528535,22.9888448931053,640
174.6915,208.0887,26.4110573714456,23.14765394168,639
174.4604,208.0248,26.4438329522309,22.8442358819049,631
170.6985,207.2395,26.1814553855815,22.7380566954567,622
170.047,207.5495,25.7930411376162,22.3843586832713,603
169.8396,207.6633,25.4489157131023,22.4819606196583,597.5
169.8,207.5839,25.7121468804896,21.9642008831333,590
169.3967,207.2268,25.7919838638287,22.3811342361125,602.5
169.5575,207.3993,26.2459463991586,21.5991974595168,591
169.3054,207.0847,26.1219639249818,21.2620498042425,578.5
169.2063,206.9159,25.7047478694579,21.5927106583618,578.5
169.0884,206.9061,25.8596026697573,21.4956966724333,580.5
169.1422,206.7627,25.6116587137132,21.180293005669,566
169.1506,206.7691,26.0475926884899,21.1383191509177,574.5
168.9763,206.6982,26.1422711678268,21.6966690684889,592
168.8263,206.7842,25.7482127350296,21.9885166859849,590
169.109,206.3552,26.9019759550229,21.5055302809544,602.5
169.0075,206.4604,26.2288390277127,21.9302751522828,600.5
168.868,206.2543,26.6364950765091,21.7709704180296,605
163.1172,203.7598,26.1724204889175,21.10945955577,576
162.3795,204.3804,25.1909595306436,20.9122197354201,549
162.4035,204.4454,25.5992994197426,20.4676328682051,546
162.1548,204.3233,25.4716380930564,20.5997631949169,546
162.0704,204.0838,25.4354519867628,20.1918048382297,535
162.0914,203.8972,25.2485757954726,20.4349478714269,538
161.8487,204.0777,25.2747719831886,20.0351508975482,527.5
161.7674,204.2398,25.4564484109353,20.2267639636903,534.5
161.667,203.8576,25.6868891577113,20.6859901277242,553.5
161.5849,203.9603,25.4601606379732,20.6841707329863,550
161.8251,204.2076,25.6346509474159,20.4240471696288,546
161.7604,204.4283,25.9799156475926,20.8009917199447,563.5
161.9559,204.3407,26.1591844943552,20.7648847392651,567
160.2981,203.0943,25.8813006943894,21.0290829677513,567.5
157.873,200.1481,25.0117829983352,19.6400476944744,513
157.8347,200.3367,26.0365835707274,19.8101299338552,538.5
157.7225,200.7558,25.281095810561,19.9196029375755,525.5
157.8338,200.6611,26.1616716817329,19.6103209603209,535.5
158.0448,200.744,25.1378647247709,19.737595884642,517.5
163.1828,202.0427,25.8057861866788,20.6254198024877,554.5
173.3617,202.845,26.1731500042421,23.0017197112753,628
173.4686,202.6171,26.2965217831061,22.320734646778,612.5
174.1349,202.6202,26.3042949586675,22.0936622282175,606.5
174.1541,202.9424,26.1956426131498,22.5577133985678,616.5
174.916,202.5035,26.2551844441708,22.7915000293825,625
179.2674,199.061,26.3930652081698,23.3191460402872,642.5
179.2322,199.6996,26.646453586291,23.1621657540474,642.5
179.0415,199.8807,26.8679794544348,23.6303703215516,662
178.9416,200.2774,27.0070618280248,23.862329320323,673
178.5765,200.26,27.3005583766944,23.6683459193429,675
177.3632,200.6286,26.4885870753883,23.4291581213171,648
170.696,201.3352,26.6855876864852,22.4505936263458,624.5
170.0753,201.4796,26.9393422669015,21.940746986415,617.5
169.2219,201.5669,26.5214432069696,22.6997967324745,628
168.7234,201.4586,26.6218833190683,22.1059367029292,614.5
168.0561,201.2674,26.6036463184662,22.1374712626461,614.5
163.696,200.003,26.1326460635442,20.5915406674371,557
163.2051,200.0847,25.9536580728468,20.6488450744455,559
163.3441,200.1905,25.784774096043,20.6629930026858,555.5
162.8684,199.943,25.7413550806286,20.2551058716747,543.5
162.5242,200.0343,25.2638446079237,20.6455577690736,544
162.7472,199.912,25.2645224158447,20.3825557018861,536
162.8619,200.017,25.3299373182214,20.0326382860835,528.5
163.4134,200.5018,24.7764569828541,19.4441561955483,499.5
163.0755,200.1865,25.4674645497758,20.310089672502,539
163.4191,200.1832,25.2379688052651,19.9627710334573,525
163.291,200.2961,25.144916137614,20.1433780824203,528
163.3899,200.4002,24.8608893072789,20.5870969604278,533.5
163.3652,200.5362,25.1771665515884,20.5291347883759,538
163.4196,200.7879,25.5224388567556,20.2231668234368,539
163.5818,200.8957,25.4317114251983,20.058401326363,530.5
163.6113,201.2615,24.9443644587351,20.7124423136308,538.5
163.6648,201.4539,25.3198604692761,20.7777558892167,549
163.7404,201.6608,25.1785493032783,20.5885532880762,540
164.0329,201.7792,24.8455464675698,20.1647793314877,521.5
164.3085,201.6765,24.7161539900862,20.3561845013195,524.5
163.0897,200.225,24.466217654072,19.6113286742715,500
162.7246,200.3839,25.1116721094946,19.8362920986395,518
162.6695,200.4853,25.4018732311506,20.2866771913667,537.5
162.8543,200.6279,25.1900411510884,20.1231658904968,528.5
154.9314,209.2797,25.1308394034794,18.2835413671123,478.5
152.4757,210.9643,25.2667384540645,18.7034028041695,490.5
152.0967,211.444,24.5399333103313,18.7845376639121,479
152.373,211.2091,25.2137888129334,18.5254580038714,483
152.4613,211.0306,25.1234460990767,18.6097269166248,484.5
152.5309,211.1703,25.3721048145288,18.5821678715801,487.5
152.3138,210.9207,25.3996264125196,19.0371811363309,504.5
152.6101,210.9186,24.7691022712895,18.7640775930956,483
152.3852,210.8852,26.0753777403735,19.035183804143,514
152.3089,211.0159,25.4634450117695,19.3676165561847,512.5
152.5549,211.1841,25.6200545603707,18.9172819192584,502.5
152.3962,211.1467,25.2286781453531,19.5565934617324,514.5
152.4688,211.0328,25.7891178529272,19.1199691368574,513
152.1695,211.444,25.435484014567,19.0241292422931,504.5
151.8636,211.185,25.0618174643932,18.7424573398115,487.5
152.0634,211.4394,25.2223974451827,18.9399629758004,496.5
152.0228,211.2036,25.0653433869605,18.5377268532575,483
151.9166,211.2233,24.3997417966973,18.4310182226122,469.5
151.8268,211.5701,24.571617518795,18.5607877383442,474.5
152.0569,211.3529,24.7511816927234,18.7066304000152,477.5
151.9396,211.3319,24.7515571896467,18.6802757626121,480
151.948,211.8719,24.4052220808394,18.1016858190515,458
151.5683,211.6098,24.3866792320379,18.8033523664216,478
152.0872,212.1654,24.117055291453,18.3579490796714,460.5
152.0517,211.6278,24.8575023009764,18.6497730262005,480
152.5261,211.4795,24.3927272396135,18.8185601138871,479
154.9029,211.6095,22.8051803390487,17.9381804970419,425.5
157.2854,216.6492,14.3657010597666,6.12582265657455,76.5
NaN,NaN,0,0,0
NaN,NaN,0,0,0
NaN,NaN,0,0,0
NaN,NaN,0,0,0
154.5477,215.2549,21.0654790393166,12.2794003546454,255
154.0141,211.5053,21.4481971874406,19.65176473676,425.5
153.6138,210.6977,23.000806986115,19.881473718614,473
153.5583,210.1721,25.0381068433958,19.5605042218634,507.5
153.6785,210.0423,25.7748009758246,18.9749104646155,508
153.8738,209.7913,26.5399252803855,19.0594813832042,527
153.765,209.9847,26.7741832187957,19.5783079849321,545.5
154.0497,210.1441,26.6509754288827,19.4409433944313,540
154.2716,209.8846,27.0257556340175,19.1815999603214,540
154.6996,209.755,27.0810029485646,19.0334276646787,536
154.9715,209.2104,27.0731109183624,19.0651858636252,537
158.6398,202.1769,26.3949970523041,20.0540513039249,552
158.552,202.237,25.8304565270007,20.2043117271769,543.5
158.6213,202.0077,26.5759078002401,19.6577718118804,543.5
158.9726,201.4962,25.4669728365017,20.0144662382657,530
158.9602,201.5099,25.6322971844386,19.5710092256643,523
159.1255,201.3556,25.577484537365,19.6710369408346,524.5
159.1571,201.2217,24.8792285867018,20.4458925265641,531.5
159.1922,200.777,25.4676095639267,20.0078466526512,531.5
159.2989,201.3047,24.5448849029453,20.0283372737029,512.5
159.0073,200.9563,25.1275862568125,19.9528989495255,523
158.6485,201.0626,25.4555057484429,19.7354333758957,522
156.6048,200.4972,24.9389858490196,18.3091003477885,474
156.017,200.7399,25.0153932782467,19.1447648905747,498.5
156.2154,200.6089,24.4759454114393,19.5785874175657,499
156.1363,200.7201,25.3656113612141,19.0853418671661,502.5
156.4223,200.5574,24.8409254610504,19.4209930888669,502
156.4172,200.52,25.0297169850896,19.5964139415741,512.5
156.5643,200.4031,24.5684925471897,20.0225174013836,511.5
157.1929,200.6897,24.766036503951,18.8693516027353,485.5
157.4345,200.5039,24.6488075280984,19.0456276266132,489.5
160.6191,197.4555,25.6111328682742,19.5787257487247,522.5
162.6068,195.2963,25.3226535285628,19.9319886559874,526
162.8303,195.3853,25.5990027762686,19.8964213830505,529.5
162.8503,195.5178,25.9407363799019,20.1931479205131,546.5
162.6844,195.4574,25.5846384810177,20.0482827272379,534.5
163.0263,195.554,25.7621091916443,20.0432736349422,538.5
163.1569,195.6368,25.4821091706851,20.2491799812399,536.5
162.8248,195.556,25.5482457877575,20.4443839148662,545
162.8641,195.5689,25.5969657325591,19.9949482780547,533.5
163.0821,195.5615,26.2445195654112,20.5101465225735,562.5
162.935,195.6256,26.0743722874714,20.4596105824618,556
163.1893,195.6539,25.6685144387717,20.4750368139467,548.5
162.9863,196.0656,25.5018975368684,20.6213173126158,549
163.5039,195.611,26.2186031985156,20.4740514546712,560
163.4248,195.7319,26.0725021487059,20.5550166802037,559.5
163.4353,195.7293,26.3157117128389,20.5664615905516,564
163.2728,195.7733,25.8636203521242,21.0196056382392,567.5
163.3264,195.7684,26.05812340925,20.4711043939882,555.5
163.2976,195.6649,25.9856536506512,20.6080046684173,559
163.4581,195.7261,25.7267746092468,20.3551194566544,546.5
163.3031,195.7669,25.6616566136913,20.6341500844451,552
164.0379,195.4025,25.865473222354,20.1910581741008,544.5
165.1835,196.1671,25.4453533780595,20.2992185808265,538.5
NaN,NaN,0,0,0
NaN,NaN,0,0,0
NaN,NaN,0,0,0
NaN,NaN,0,0,0
NaN,NaN,0,0,0
NaN,NaN,0,0,0
NaN,NaN,0,0,0
160.9911,203.9975,15.7996561737046,8.17024902836631,130.5
162.1056,201.9248,20.2616624683873,11.4029381684728,230.5
161.2029,199.187,22.3476945031498,16.7191169619965,377
161.6377,198.2824,22.0733457815451,19.0211090652209,425.5
161.5952,197.8371,22.7818281328182,19.738899179552,461.5
160.9188,197.011,23.883189676903,20.7310812679576,513
161.3588,195.9671,26.1323085175831,20.7134858132987,562.5
161.2504,195.8064,27.028975335416,20.6080873281518,581
161.2479,195.9913,27.5746609338465,20.6636665814319,595
160.6842,196.2915,27.4187264215693,20.6367308790716,590
157.5241,196.6675,27.4095281929597,19.970964364995,571.5
157.1533,196.8685,26.6636137011359,20.3763575120812,566.5
157.1004,196.9734,26.9235059021873,19.6664905571023,552.5
156.7433,197.0036,26.3510317847862,20.0475724001426,550
156.7015,196.974,26.2360373005247,19.2445740576777,526.5
156.4196,197.1364,25.3964814454494,19.086188916627,504.5
156.1466,197.0175,25.4565308627774,19.090900027961,506
156.0381,197.103,25.6704201088149,18.7858670524776,503.5
156.0963,197.1971,25.0781717987835,18.8589470994431,493
155.8011,197.3138,24.9496399319908,19.2739497005057,502
155.5985,197.6442,24.9340991280754,19.1162581289485,496.5
155.5271,197.8155,25.1083929204587,18.5998329688142,486
155.7216,197.6561,24.9021887228666,18.801135975763,488
155.4188,197.841,25.1574548810628,18.7389456242768,491.5
155.4038,198.095,24.7184924389787,18.7546086703395,482.5
151.7855,198.0306,24.310610952167,17.4168172099775,440.5
150.9819,198.5287,24.4682191960761,17.4236884027066,441
150.9532,198.6008,24.5457447088204,17.1532744539612,438
150.2693,198.8852,23.5712933758935,18.3427048602898,450
150.2623,198.6863,23.5487093548351,17.9973761002559,441
150.0973,199.0412,23.683893847688,18.2397877994074,449
150.6475,199.4734,23.2361288906725,17.2451477155325,416.5
150.6255,199.416,23.7243433758579,17.5526390371947,433.5
150.5901,199.5039,23.5373328613617,17.5530573438732,431
150.5656,199.5718,23.4872748782186,17.9193945731206,435.5
150.836,199.7579,23.8635421493751,17.6924756390766,440
150.6357,200.1837,23.5301446464653,17.8426594532832,436.5
153.306,200.099,24.0089853084557,18.0217687205517,451
159.4323,200.1659,24.9302614167608,20.1365098329917,523.5
159.763,200.3775,25.4526537939279,19.5048055500564,517.5
159.7624,200.2373,25.3935417690186,19.6527363740017,520.5
159.7837,200.1832,25.2965865359451,20.0123894737757,528.5
160.1303,200.2741,25.4492522144235,20.1080592035247,534.5
160.014,200.2389,25.4342334197392,20.2045158214355,536.5
160.0049,200.1307,25.2466655103852,20.5903259071374,542
160.5648,200.2729,25.96488588533,20.0819383343722,543.5
160.613,200.6433,25.8424617178703,20.5947563939068,555.5
163.9362,200.5224,26.232784100991,21.5657721611791,590.5
163.9863,200.9877,26.1189386865286,21.379414524943,582.5
164.0827,200.9662,26.763625739372,21.718767445292,606.5
164.0985,201.2218,26.780333117682,21.9215159383484,612.5
163.9997,200.9887,27.1507991305172,21.9109981569762,621
163.8102,200.899,26.7925849453013,22.0014179325706,615.5
163.8087,201.0257,26.619579141893,21.9043718035032,609
163.7957,200.9188,26.3537811947353,21.2408872984369,585
163.704,200.9218,26.1792617944443,20.9527047884987,571.5
163.555,201.2454,25.6689534433758,20.9736733660918,561
163.5808,201.0561,25.8114501083977,20.556856006636,553
163.7073,201.0023,25.7958303595768,21.0711499238523,566.5
163.7069,200.9062,25.5951387002202,21.1012385145183,563
164.1513,200.9242,25.83499004372,20.5216305570343,552
163.7929,200.8419,26.0206653650482,21.2341440596773,575.5
164.0727,201.1,25.9351183628571,20.7755677371502,561.5
164.1903,201.2468,26.0699071397652,20.9442014412605,568.5
164.4775,201.0047,25.9145685238747,20.8929156333283,564
162.3821,202.1071,25.7757158856415,20.8450275764818,560
152.585,204.5974,25.2163926721117,17.8910128590552,469.5
147.8474,207.7316,26.0436148193018,17.5113999986816,475
144.5614,212.7239,25.1812463936281,17.4215899827038,457.5
144.3542,213.1659,25.8716764486813,17.2022527405197,463
144.0249,212.9353,24.9792623426028,16.7508096125605,435.5
144.2432,213.1294,25.4386761787954,16.5499534501196,436.5
143.785,212.9763,25.149227744625,16.9480009062779,443.5
143.7581,213.0567,25.6090970605663,16.6180374202743,441
143.7082,213.4587,25.0510905185841,16.8254386588048,437.5
144.8854,206.8764,25.0125580249147,16.5199159871464,429
145.2781,206.6992,25.4582534641505,15.8722435892725,419.5
144.6533,207.3804,25.5078869754188,17.1299753636362,450
144.4959,207.714,25.4724112865538,17.1008233124124,451
144.4358,207.4715,25.1964436928054,17.4939283324076,458.5
144.9353,206.7804,26.3445145674618,16.4462114121186,445.5
144.4522,207.291,25.5383321370573,17.2084448790655,457
144.7712,207.1708,25.2155486631941,17.0430600407742,448
146.4986,203.6425,25.4146622387356,17.4692853593465,462
146.5456,203.592,25.6337805310774,17.0089320156143,453
146.4689,203.8629,24.9847769750547,16.8207073196602,436.5
146.7785,203.8855,25.2754145097246,16.7712166831518,441
146.7827,203.4509,24.8157422118292,17.0184953145628,438
145.4965,203.3979,24.1696107212405,16.2425414211173,407.5
145.5144,203.7409,24.3626978651914,15.9968288036731,404
145.3178,202.9496,23.8013162973889,16.421194812511,407
145.1057,203.6549,23.9871200042052,16.4789913465445,410
145.1511,203.3933,24.2030293985995,16.171033292758,406
145.1587,203.4386,23.971365346717,16.8095831410551,418
145.287,203.5884,23.6861701444938,16.0794771989179,396
143.5051,204.4537,24.5693444933035,16.1110950253963,412.5
143.56,204.8154,24.4107592890639,16.2328720654154,412.5
143.4037,204.9564,23.7527314998164,16.5371876367027,405
143.6411,204.4073,24.5192874174541,16.1461092761831,410
143.2568,204.6687,23.9176660773551,16.4527014807372,409.5
143.1632,204.7258,24.5240285868737,16.1577006724909,408.5
143.2311,204.8907,24.3389684637607,15.9338558189995,401
143.2065,205.3656,23.6853909425841,15.9674042189199,393
142.1583,206.0728,24.3347990872613,16.1481807892264,407.5
142.4364,206.2438,25.1321724265149,15.5462441741417,406
142.607,206.1499,24.7565078628395,15.0638536141908,388
142.5551,206.3359,23.873468564978,15.5587317218329,385.5
142.5332,206.1257,23.5217877098741,16.0096913451988,391
142.7593,206.1481,24.0288173618928,15.1376732671873,378
142.6816,206.1309,24.3368350717718,15.4646579729,391
142.5729,206.0305,24.3120310602285,15.374880513053,387.5
143.0335,206.4613,23.3743373339527,15.7230603205502,383
143.3728,206.4696,23.8308198358432,14.8614388946356,367
143.192,206.4539,23.9299120870422,15.4699194754773,385.5
143.0419,206.7395,23.1611634411881,15.7149062088901,377.5
143.103,206.4753,23.4758133291074,15.4994925412669,377
142.9885,206.8014,23.2856976147488,15.5503091738047,376
143.0519,207.0792,23.306231882516,15.4305726633838,372.5
142.9007,206.8675,23.182922800534,15.3911054992762,371
142.6606,206.7206,23.0511390159018,15.9828639255233,383.5
142.8726,207.299,22.6060517033339,15.6898193880022,369
143.9484,205.7318,23.0112215614948,15.4697929216628,368.5
144.0755,205.5703,23.6172061099456,15.0055136793553,366.5
144.0293,206.0964,23.1818951439347,15.40751299049,370
144.2947,205.9741,22.7455528599581,15.1568682169421,354
143.9796,206.3071,23.2039921373618,15.5749422948321,375.5
144.0362,206.3623,23.4226396213331,15.2564110446707,368.5
143.9793,206.5261,22.4293524024139,15.9100348337121,371
144.4947,206.4081,22.3477285892161,15.6363850143565,363.5
147.4134,205.4306,23.4018514503037,16.393796084137,397.5
147.561,205.4761,23.461030192429,16.0252117380795,391
147.5702,205.5727,23.30690238386,16.3085242468374,395.5
147.5181,205.481,23.1488178625061,16.3602128291813,391.5
147.6398,205.519,22.8793370574338,15.8788684064994,378
147.5192,205.7978,23.3692481034691,16.4562874033652,399
147.401,205.2972,22.8381493839556,16.7171985381356,396.5
147.2558,205.1895,23.1902374483867,16.5198767234114,397.5
147.5478,205.2564,22.730843077648,16.3001524527745,385.5
147.1808,205.2755,23.1736521200182,16.3809500940743,394.5
147.4037,205.3904,22.4992291677362,16.5986072570152,388.5
147.5047,205.3889,23.4717792153546,16.0235079856734,390
147.5091,204.9206,22.9062649057672,16.5275950125452,392.5
147.3134,204.9983,23.258885945964,16.6038725782026,401.5
147.2768,205.3823,23.4294608700233,16.4208136885178,398
147.4032,205.3176,22.9027903712702,16.4783266261982,391.5
147.3433,204.5966,22.9009523128721,17.0204846340302,402
147.9622,202.7243,22.3819383699029,16.2760846993031,379
147.9048,202.6472,22.3437660360115,16.9460643509832,394
147.9557,202.9625,22.6289298067789,16.8319540219468,395.5
147.9749,202.6794,23.3052497972592,16.665706741082,404.5
147.8219,203.0338,23.094402507031,16.6078603395635,399.5
147.5772,203.419,22.6568189084261,16.6829212514105,393
147.6195,203.2045,22.9372090677286,16.6244562358739,396
146.2069,204.8373,23.2316628730367,15.6401744378953,377
146.3725,205.1084,23.2461959102627,16.1629460782166,387.5
146.5714,205.163,23.3511199424112,16.0084081965316,388.5
146.7272,205.1172,23.0575519991944,15.8812735593573,377
146.5302,205.0703,23.5452073492874,16.4941407866107,403
146.6925,205.0425,23.5377857460986,16.3730355209612,400
150.4767,193.362,24.1361957124849,16.3260736404862,407
150.0091,193.1459,23.0670235488617,16.842241076407,404.5
149.2142,193.3741,24.5913908544151,16.0253830111673,408.5
148.2305,194.2461,22.2517381327142,16.6131277708615,384
147.7843,194.0716,23.4044156614378,15.525644027886,377
146.9714,194.3589,23.3920886162345,16.0703325940997,390.5
146.4157,194.6098,23.7247306010487,16.1253369404965,398.5
146.4352,194.7561,23.3835870938482,15.9885443670314,389.5
146.456,194.7437,23.7761780115683,16.1013619415211,398
147.0465,194.6219,23.2485232756789,16.2823729341207,394.5
147.623,194.9496,23.7027457953919,15.9615791158717,393.5
147.9615,194.8537,23.2538642479332,15.9572872649517,385
147.9125,194.6238,23.3082887206062,16.6701417982945,404
147.9518,195.0243,23.4211899611444,16.4344560035845,398
147.7924,195.0577,23.3134900127514,16.5666771919334,401.5
148.0299,192.8004,23.8479003093488,16.8344049908225,417.5
147.8166,193.1671,23.4368035640423,16.328987039969,398
147.8096,193.0703,23.5476184120667,16.6590933198388,408
147.9125,193.1911,23.329744163791,16.5916364614563,402
148.0317,193.1698,23.5086072454911,16.1542355471173,394.5
148.2711,193.2338,23.4142689134863,16.17229347061,393.5
148.403,193.2071,23.2740027697101,16.7107091957046,404
148.5511,193.1097,23.2730004039101,16.5028964211545,399.5
148.8581,192.8401,24.1014463564239,16.3638060459137,407.5
148.6904,192.8199,24.6755373997055,16.7645752690422,428.5
148.6803,192.7132,24.0977660392363,16.6192196059589,415.5
147.9793,193.7189,23.2834912581066,16.621341467461,402
148.0416,193.5919,23.7728253369098,15.8720401956435,392.5
148.0555,193.3431,23.3851404945546,16.2313628270663,393.5
148.0191,193.6972,24.03758824467,16.4245159134202,409
161.2193,190.8519,25.4746538247578,19.15385879641,508.5
165.4858,190.1371,25.4976653694934,20.0723124493294,533.5
165.9315,189.5619,25.9176383000054,19.7113127917984,533
166.1325,189.4805,25.8445567830391,20.143805568966,543.5
166.0731,189.5327,25.9337790254162,20.0616304471341,542.5
166.4528,189.4968,25.4160134689609,20.4182330871207,541.5
166.5335,189.2669,25.8157168328873,20.3886879539149,549.5
166.1812,188.9734,26.1008064604563,20.2653159015626,551
166.0437,189.1839,25.5975194718601,20.2724697744569,542
165.9131,189.3645,25.890485361435,20.1971241307763,544.5
165.1782,190.0323,25.9540940966432,20.5794850377762,556.5
157.4369,199.7656,25.6512178178163,19.9109713344007,532.5
157.4201,199.7026,25.81740760667,19.8560640456261,534
157.8585,199.4297,26.440100596211,20.4948520764568,565.5
158.1422,199.0522,26.5091488791498,20.4301179733809,565
159.0112,198.2796,26.4937784905312,20.5637311776193,567.5
159.9887,204.2618,18.245595650589,10.1991686128394,191
NaN,NaN,0,0,0
NaN,NaN,0,0,0
NaN,NaN,0,0,0
NaN,NaN,0,0,0
NaN,NaN,0,0,0
NaN,NaN,0,0,0
150.3712,200.9739,15.9763466202418,8.28441643338123,127.5
151.4785,196.5817,19.9630465496753,16.3461590366329,329.5
151.448,194.6286,20.702369049347,18.887927692938,402.5
153.6133,193.2729,23.9711233057992,18.9721631482597,472
153.6936,192.0172,27.2891553226363,18.7742313592677,533
153.7785,192.1329,26.7642654462661,18.6995449572816,521.5
153.7081,192.2196,26.0830408861884,18.943371640944,514.5
153.911,192.3451,27.325713695364,18.4287856626519,522.5
153.6944,192.5075,26.8677647292382,19.1113022879875,534
151.7123,192.6916,27.099931432248,18.2688334401545,515
151.567,193.0723,26.6947059435036,18.551497993102,516.5
151.4941,193.0036,26.842129853503,18.2306894702347,509
151.3717,192.8302,26.9303572632694,19.0646178488721,534
150.8644,193.1579,26.4080179446617,18.4403717515255,506.5
151.052,193.0222,26.8327145294602,18.0200398319805,503.5
150.6025,193.523,25.8799305024536,17.6915979503415,475.5
150.6439,193.2155,25.6335994531692,17.6511145097173,468
150.3924,193.4298,25.1813755167135,17.6875440339442,463
150.4483,193.248,24.6793454540442,17.708368365428,455
150.4702,193.3369,25.0103214432549,17.9294685723637,466.5
150.2588,193.24,24.9981619877858,17.0649579919445,443
149.0943,193.2876,24.5230452030957,16.7289963702263,426
148.9833,193.309,24.2952469044932,17.3787049157726,438.5
149.266,193.1447,24.7928212859431,16.723875486372,428.5
149.1573,192.8278,24.7626480436647,16.9073745149184,434.5
149.1521,192.8483,24.1190381754432,17.1160023208724,428.5
149.2032,193.2679,23.8126457082662,16.7743736239015,415
149.3378,193.4341,23.9741192176535,16.406212687079,407
149.2505,192.9088,24.7192431054797,17.1004556660124,438.5
149.3619,192.9745,24.7082882195505,17.0870327818194,437.5
149.4233,193.3217,24.2381538266809,16.9932298314464,428
149.2774,192.9368,24.5910487484601,17.1390608714604,438
149.5183,193.2433,24.8199410508733,17.136495800536,442.5
149.536,193.3151,24.6175834996033,16.9958946352273,430
149.5372,193.0854,24.7608630736957,17.6746058346572,454.5
149.6742,193.4568,24.4825086582536,17.2318963122097,440
149.9286,193.3279,24.7106083141209,16.6253419095311,425
149.894,193.7844,24.28001388544,16.2578200571571,409
150.8143,193.3577,24.6687466466356,17.8763110718552,458.5
152.8,200.8985,15.0449503542666,7.49044958178203,115
NaN,NaN,0,0,0
NaN,NaN,0,0,0
NaN,NaN,0,0,0
NaN,NaN,0,0,0
NaN,NaN,0,0,0
NaN,NaN,0,0,0
NaN,NaN,0,0,0
NaN,NaN,0,0,0
NaN,NaN,0,0,0
NaN,NaN,0,0,0
NaN,NaN,0,0,0
NaN,NaN,0,0,0
NaN,NaN,0,0,0
NaN,NaN,0,0,0
147.4078,198.2186,16.7421290457783,10.0335778086424,170
147.6413,193.808,20.5572673752032,17.5412346867042,368
148.8565,190.381,26.3772745963112,18.5415123173289,507.5
149.5791,190.3288,26.9193393695864,18.2934397955773,514
149.8177,190.3954,27.2227968874597,18.4580198563977,524
150.1515,190.7187,26.760227872915,18.7508677459951,522.5
150.4964,190.4053,26.9437202330361,18.9097696641369,530.5
149.7319,190.4778,27.1484478244984,18.1401788152936,513.5
149.9505,191.2033,27.0673393259802,18.4974352144433,521.5
149.5391,191.4858,26.7415282007349,18.569421225538,516
149.6072,191.5982,26.7174216673847,18.5452335861171,516
149.6376,191.7323,26.6778048008508,18.403301459673,510.5
149.503,192.0793,25.9394905948511,18.3382949168089,496
149.5114,192.3471,25.7171082042008,18.0303555768174,483
150.0876,191.6778,25.865034342768,18.2749832512717,492.5
151.383,191.0909,25.4500977625438,17.7463028502989,469.5
151.2576,191.5719,24.4686134099849,17.8165867424139,453.5
151.4814,191.7871,24.8641632812567,17.5215715745411,452.5
151.3909,191.8069,24.5460276653657,17.1818571652488,437.5
151.0841,191.9396,24.1655708610971,17.681876775645,444
151.4015,192.0193,24.8727959678005,16.7455317037738,432.5
150.4208,192.4126,24.3440735637655,16.9628315508981,427
149.5995,191.799,24.4784286194093,16.6817058083305,424.5
149.2618,192.1152,24.0258056482843,16.8085478462923,419.5
149.3376,192.1362,24.2090474520264,16.9164793973132,426
149.4066,192.2145,23.9720148110575,16.7226575084327,416.5
149.2788,192.4195,23.939244691394,16.9642940327426,421.5
149.2873,192.3113,23.5835480757316,16.6410447288595,409
149.0237,192.6306,24.1458624841807,16.5184349977999,415.5
149.4043,192.4569,23.6346733350993,16.8737590876202,415.5
149.5426,192.7395,24.1298897404557,16.0746205684319,403
149.2129,192.4679,23.37548022013,17.009984347869,412.5
149.4771,192.5579,24.1314526753236,16.4140014741424,410.5
149.85,192.0085,23.8157707526445,17.3498490103325,430
150.3857,191.729,23.9475225079025,16.883827967535,420
150.0873,192.0032,23.5692928946789,16.9615697187549,416
150.1913,192.2229,22.9756496527545,16.5118583224012,395.5
150.0949,191.9722,23.3994149117392,16.5472850157993,402
150.0982,192.036,23.6755997283684,16.7589396169874,412.5
150.3293,191.9947,23.5713868722414,16.6474427812269,409
150.3495,192.196,23.6713122964332,16.3552504042936,403
150.3292,192.4102,23.6571969958859,16.4246901949611,401
150.049,192.3803,23.7473237429967,16.5553483568744,408
151.6937,191.8474,24.6015673530467,16.6276714505061,426
155.1355,190.6663,24.7387167099413,17.7050212471837,455
155.1248,190.8644,24.2994983803526,17.0718824893528,431.5
154.9808,190.8661,24.5386485709876,17.3727118420118,443
155.1691,190.8232,24.864732409522,17.5369704213713,453.5
154.9978,190.8533,24.6963793221467,17.7338848345138,454.5
155.131,190.7973,24.9928664018435,17.527933138616,455.5
155.008,191.0384,25.0437584919172,17.4885313435804,456
154.8961,190.8608,24.4198987931683,17.6737681184422,449
154.8364,190.958,25.0081166604718,17.7082740609827,460.5
154.9996,191.1528,24.6160547623443,18.0906119097493,462.5
155.1133,191.1985,24.9082431256356,17.6647902899828,456
154.9021,191.3227,25.3208326902522,17.8278244447545,470
155.0468,191.2976,25.098581115092,18.0423146975192,470.5
155.0642,191.6892,25.6848368527063,17.7037168833386,472.5
155.2499,191.7414,25.5690869490092,18.0681812436642,479.5
155.3442,192.1133,25.2892970630829,18.1155405368295,476.5
155.324,191.9617,25.3415016302488,18.2713090030236,482.5
154.3307,191.8224,26.3620735243249,18.3888018119326,504
150.7958,191.2129,25.1492244973422,16.8405554685981,440
150.5635,191.7748,24.7056509528052,17.0812102488591,436
150.5199,191.802,25.1310167127447,16.8528133375891,439.5
150.3639,191.7294,24.6613332602014,17.5083364079214,446.5
150.167,191.8927,24.9994597696858,17.270079741265,449
150.2598,191.9989,24.9614362719354,17.4014492660918,448.5
150.3518,191.7007,25.3634837578943,17.4532591419181,460
150.3002,191.9312,25.3005215332634,17.6293177557636,463
150.3322,191.9744,25.3357850025661,17.5549620294797,462
150.4939,192.0445,25.6421004208448,17.5477713230262,468
150.2383,192.108,25.1418715029973,17.7550474064788,464.5
150.5583,192.0734,24.9678638322747,17.6417057765372,458.5
150.3283,192.252,25.7625070243987,17.4538585522188,467.5
150.7089,192.4383,25.6163645764223,16.7587565829478,446
150.4047,192.3277,25.6072201895828,17.8594348836642,476.5
153.2768,192.1294,26.0661777613152,18.3625463278164,498.5
154.2308,192.2772,25.9967847501918,18.2182788202401,492.5
154.5382,192.2661,26.1901445148238,17.5276211431606,476
154.3382,192.443,25.5649974256608,18.3258919328784,485
154.2441,192.4941,26.6175274663065,18.3716149834025,508
154.1719,192.6001,26.3840245210544,18.7116018389044,513
154.0046,192.8843,25.986161675301,18.6171446708288,504
154.0997,192.8585,26.0888802459346,18.779396540039,510
154.1391,192.6757,26.8937814859893,19.0379200340142,533
154.416,192.3601,26.6779125774996,19.2605672146805,536
154.4703,192.5284,26.2347120431148,18.8866113660024,516
154.5921,192.5872,26.3083992627115,18.5746316614131,507.5
154.607,192.7231,26.433174245392,18.853980799487,519.5
154.4659,192.7637,26.2823972273003,19.0410128481768,520.5
154.4198,192.7625,26.4465676470673,18.8274729340413,518.5
154.5089,192.7398,26.136540250871,18.7028448004068,508
151.8804,192.4752,24.7430288736461,17.0367283822756,436
151.4014,192.4885,24.9874341462205,17.2474401964153,448
151.2152,192.5428,24.8466420874302,17.9810488856913,465.5
151.3988,192.5801,25.2693673814088,17.517850033733,458
151.2152,192.553,24.9881537441301,17.3416090967158,451.5
151.3466,192.6073,24.8027525217714,17.0925564400977,440.5
151.0089,192.7805,24.515378507034,16.9036715280225,430.5
150.9568,192.7554,24.6407495602061,16.7235614271214,428
151.3149,192.7812,24.2707830708304,16.8518055078651,425
151.2598,193.1042,24.4130354926299,16.9001868500679,428.5
152.6283,192.8266,24.558349374913,17.4867297438187,447
156.5352,192.4257,25.1603361690473,19.3675309580574,507
156.5831,192.8627,25.4330834316562,18.5154472549359,490.5
156.6382,192.7656,25.7168509229001,18.5886369854393,498.5
156.6637,192.8205,26.5028975149672,18.3739016827113,507
156.481,192.7678,25.7872932168329,18.610164723476,501
156.7032,192.6271,25.7789539043559,18.3487092910375,493
156.5143,192.6575,25.9356645327387,18.8804376626818,508.5
156.4325,192.7645,26.0169997742676,18.7262416483482,506
152.3763,192.0419,25.5748914293597,17.1603521119171,457.5
152.0224,192.2089,25.2871238701251,16.9901142103582,446
151.7946,192.1994,25.9189337408722,17.3118866533121,466.5
151.8956,192.1323,25.1362226651429,17.3176237870173,453.5
151.7185,192.4107,25.0816048195151,17.2628065209041,450
151.9084,191.778,24.9504123957775,17.1555885285551,446
151.8618,191.8873,24.5987076294302,17.3727304874253,445
151.8368,192.0609,25.1746760894811,17.3724283450513,454.5
151.9162,192.1196,25.2294134339171,17.1116190841289,447.5
151.9309,192.0389,24.4563639418367,17.1519982522008,436.5
151.9612,191.963,24.7351750962122,17.346415178225,446.5
151.8289,192.3466,24.9752337885413,17.4140775532436,452
151.8525,192.2694,25.3702447876712,17.2838686278174,456.5
152.0678,191.8552,25.1956316667286,17.1837787436384,450
151.6003,192.2754,24.8966659861191,17.5362525512605,454.5
151.8804,192.2991,25.2726834067661,17.0010105928989,447.5
151.8972,192.4644,25.3938705379561,17.0485464487093,447.5
151.8273,192.8375,24.6608182886616,17.1200536403663,439
151.9373,192.4704,24.575278398989,16.8568152190575,428
151.7971,192.4593,24.5811404384095,17.3851919583867,444.5
151.6097,192.8837,24.5028190009984,16.9309986995014,430
151.1925,192.8564,24.4378180483607,16.5492142416825,419
150.5922,192.9855,25.0201102476606,17.1873729652401,447.5
150.2572,193.2278,25.1962580533329,17.5534636840231,459.5
150.1177,193.4454,24.6792433084506,17.3284608125356,446
150.5643,193.0058,25.1314611850492,17.4058856475362,456
151.103,193.5205,24.2286606837763,17.3117714099922,435.5
151.2925,193.4012,25.0810209407813,17.5866068608166,457
156.7126,197.3848,26.0175766013376,19.834128995241,537.5
157.3555,198.7418,25.9958631446914,19.9745900304238,541.5
157.5293,198.589,26.4743336237672,19.5856951104016,541
157.4308,198.4738,26.2006906012489,20.1393741752774,550.5
157.6443,198.3237,26.4979028826493,19.9949008770062,552
157.8578,198.2934,26.6764924467354,19.8080688220152,551
158.2829,197.796,26.6804268175637,20.0620898576502,558
158.6446,197.5677,25.9393516580452,20.4521855882601,552.5
160.3923,196.0003,27.4087666880075,19.8923263169908,568.5
161.9132,196.9736,22.9590548505834,19.1007894615405,455
NaN,NaN,0,0,0
NaN,NaN,0,0,0
NaN,NaN,0,0,0
157.5014,199.442,15.6456769980378,7.46867686128974,115
157.7185,193.1018,21.4772142843363,16.1566522412409,353.5
157.2938,190.3358,24.1567691738392,18.7414921509582,468.5
157.0771,189.4938,26.1508031436327,18.3187406690102,499.5
156.8051,189.7387,26.0810336436439,18.353508898405,499.5
156.2037,190.2407,25.3856714889764,17.2484492792863,455
156.197,189.9941,26.1874271784483,17.5681402216772,478
155.9292,190.6926,25.7178193965506,18.3443912685925,489.5
155.5239,190.5757,25.9259472130566,18.6154393850224,502
158.3584,193.8537,25.9980623667885,20.0964404179728,544.5
158.3097,193.8551,26.7465591171084,19.3134586790482,536
158.0049,194.0966,26.090634542609,20.0835735294447,545
158.0692,194.2172,26.6682073511786,19.5894226966416,544
158.1387,194.4125,26.4015890351166,19.8040327772986,545.5
158.0658,194.3145,26.7363503823708,19.9740553856535,557
158.1104,194.8416,25.9771932394356,19.6019854837079,531.5
158.2073,194.7632,25.7957913460628,19.5077969160043,525
158.189,195.1784,26.4250890320615,19.3630651010654,532.5
157.8999,195.3922,25.7985067058619,19.9888193821949,538
158.0326,195.349,26.5030549290864,19.5947674760209,542
157.4832,196.7836,26.053745885514,19.5456939575652,531.5
157.6699,197.2543,25.8905621464876,19.1462987184993,516.5
157.701,197.1193,25.9455436502209,19.7382945584344,533.5
157.7548,197.1592,26.6803618832896,19.4264894191085,539
157.7037,197.362,26.2459049242057,19.7072137838167,540
157.8736,197.2721,26.7986128693494,19.5953807647608,547
157.6691,197.727,26.2112753999999,19.7183362849364,539
157.6866,197.5497,26.2342670809675,19.8793650083951,544.5
153.3212,190.4269,25.6611116307371,17.592778375258,468.5
151.4359,190.7629,25.5826031011727,16.9377675832453,448.5
150.9781,191.2125,25.0794196302066,17.8405611983733,465
151.1138,191.1919,24.9916911091664,16.9664468995876,439.5
151.0318,190.9123,25.0751772464939,18.0557827858154,471.5
150.9908,190.7458,25.0242723892204,17.4760383367834,452.5
150.8687,190.7004,25.4471450360795,17.6103755855769,464.5
150.7552,190.7995,25.0887118438274,17.4708927155148,455.5
150.6689,191.236,25.1783555857374,16.9641560283104,443.5
150.6885,191.1583,25.1396732704542,17.1961216956748,449.5
151.121,191.2773,24.8534868644797,16.6263516711451,428.5
150.6703,191.2008,24.859135392927,17.7755255150179,459
150.8114,191.5584,24.4925270756868,17.4299318027245,443.5
151.0409,191.286,25.0754906161276,17.7693886632294,464.5
150.6397,191.2383,25.4898938690854,17.4777825849915,463
149.8593,191.0627,25.6143994998225,17.2476234499673,459.5
149.4715,191.2454,25.1932454481499,17.4754542160245,458.5
149.4182,191.3878,25.213238438387,17.185490531705,450
149.3672,191.2097,25.2369630207503,17.2199370654296,453
149.4562,191.0402,25.7241435552353,16.5789931403234,443.5
149.469,191.307,25.1629769421829,17.0274933795124,443.5
149.2285,191.3148,24.6668045710658,17.5366132215365,450
149.374,191.2608,25.3455173201823,17.062065736249,450.5
149.5022,191.2788,24.6469430281823,17.5996048350963,452
153.4332,190.6881,24.8221008862154,17.7611734208699,459
153.3266,191.3121,25.2418641083091,17.9314218211187,471.5
153.2949,191.1634,24.8186496214586,17.8390385407618,460
153.1864,191.0571,25.8573712407908,18.2213557313572,490
153.4346,190.8412,25.6907737194679,17.746475099608,475.5
153.4324,191.1466,25.3106589168655,17.8273644251161,469.5
153.3502,191.0406,25.2924501478293,17.4015504993583,455.5
153.2837,191.1809,25.5104771812684,17.8182924925102,473.5
153.0832,191.0358,24.6547464166913,17.8450509223252,456.5
153.3514,190.6702,25.8786182451591,17.8008605482546,479
153.2881,190.9688,25.4410397626609,17.9677868596732,475.5
153.353,190.7022,25.6568892068214,17.7659472535699,473.5
152.6171,190.9691,25.0206357316522,17.7743894641908,463.5
151.8934,191.1427,24.5088129724024,16.8311417756102,428.5
151.9027,191.2323,24.6104738713006,17.1107137059871,437
151.9453,190.888,25.0276433776469,16.7985755738369,436
151.95,190.8882,24.4214356221742,16.7042233220324,423.5
152.0721,190.9347,24.7683218478659,16.3758879116969,421
154.0412,189.6778,24.7934158357217,17.3900088239045,449
158.3729,188.5578,24.7920001652936,18.4339875004047,476
162.3482,188.0684,24.6918915974629,19.220157819094,494.5
165.0275,192.7325,17.1352034983179,9.93049217946986,169.5
NaN,NaN,0,0,0
NaN,NaN,0,0,0
NaN,NaN,0,0,0
160.1544,193.7696,15.5906306576003,5.12006206826884,68
156.3616,191.5501,15.4546467446509,9.82686604421097,153
154.4972,188.17,18.1646790022816,16.2719864844932,300
153.2638,186.0103,24.0062660922129,16.2486453908089,405
152.6053,186.0267,23.8330039638241,16.3657797129755,405
152.2242,186.3731,24.049994716488,16.4965675760123,411
151.9536,186.218,24.1905802940037,16.3022947179115,409
151.4795,186.7511,24.3436575170153,16.2237994565145,410.5
151.2249,186.7851,24.388604795622,16.4480164995063,418
151.0896,187.4138,23.749375871025,16.2513560942934,400
150.9575,187.0453,24.6594274258302,16.6065446444555,427
150.5665,187.491,24.1192877152573,17.0202665456779,426
150.2829,187.438,24.648518157948,17.1673261939592,439.5
150.5505,188.095,24.0627830915763,16.7749942345535,417.5
149.9515,188.2973,24.7774096832826,16.5272629709459,426
150.0165,188.574,24.2828985673494,16.886784300466,424.5
148.5557,189.9324,24.8360564316259,16.248574173372,419
147.8027,190.1952,24.3358253284631,16.2737859900502,411.5
147.4003,190.7568,24.0403150016121,16.3669978304398,410.5
147.5392,190.9954,24.1425350149754,16.0132178976381,401.5
147.7793,191.093,23.8344443942566,15.7798348420051,390.5
147.4131,191.3472,23.8979686867183,15.976285224454,397
147.0083,191.4533,23.3307222250987,16.5178822428513,400
147.3214,191.3292,23.6864126480175,16.396010292007,404.5
147.4226,191.6189,24.043536075853,16.0191501602874,401.5
147.3732,191.789,24.0547222760771,16.2577041375081,406
147.4138,191.4179,24.0156615040121,16.272740163494,406
147.4178,191.9394,23.967279302092,15.9562663030231,398.5
147.713,191.9457,23.3593576630017,16.281866663902,396
147.7179,192.2869,23.6537063642936,15.6308997291373,384
147.4048,192.4507,23.404828872411,16.1252885952746,392
147.5769,191.8917,23.5268418981544,16.1548019678273,395.5
147.4951,192.4097,23.3563208184686,16.1292818600901,390.5
147.6105,191.9713,23.0959783470462,16.1673522048157,389
147.6573,192.1285,23.7585559746504,15.9105383798611,393
147.6,192.3441,23.4509284336322,15.9035293434,387.5
147.7277,192.5651,23.2984580224995,15.7509761318533,382.5
147.8152,192.6492,23.2492014600569,15.8601445921572,382.5
147.7211,192.4957,23.3684622347278,15.776734429198,383
147.8917,192.6528,22.8535924684187,15.7216511450211,372.5
147.8191,192.4494,23.7244126767561,16.0308914175856,393.5
147.8726,192.7165,22.9611259210453,15.8377292229933,378
149.599,192.1617,23.5080691818104,17.1323929337478,418.5
149.6751,192.0293,24.054468920154,16.6346371954163,416
149.5793,192.1269,24.4472304749188,16.5872757549914,421.5
150.1076,191.8592,24.8685060172836,16.3492221595853,421.5
150.3268,192.2085,24.2679206339442,16.1435626744584,406
150.094,192.0494,23.774896299886,16.879795038917,415
149.7876,192.4169,23.7090506437771,17.144583804046,419
149.8702,192.272,23.994424660948,16.7535713885098,416
149.7647,192.7479,23.9340211638105,16.7097158761304,416.5
149.9501,192.9505,23.7653890251599,16.2873188281067,401
149.8366,192.7114,23.9111122020898,16.5031297602292,410
150.0923,192.5519,24.7055123413202,16.2394132883291,415.5
150.2423,192.2716,24.4243090370363,16.8133549969624,426.5
149.8322,192.6628,24.1688539886964,16.9514432920412,426
150.1625,192.7234,24.3119894831858,16.5487778625622,417.5
150.1547,192.5735,25.5238006562928,16.5472253449239,438.5
150.0834,192.8105,24.8653286355972,16.8833806091545,433.5
149.9847,192.7561,24.4115583726574,16.8858862890064,425
150.285,192.6309,25.1473383927137,16.2997292444223,424
150.2759,192.7742,24.687162289954,16.7640227052555,429.5
150.4802,192.5062,25.2636688013699,15.9092933311927,416.5
150.2676,192.5357,24.3466173123891,16.4694404903825,416
149.6278,191.1971,23.8606988875263,17.4061106982819,433
149.5943,191.3883,24.646468634391,16.4223176358292,421.5
149.1299,191.4073,24.4449570451779,17.2290341657359,435
149.2683,191.685,23.8036534208798,16.2834686257358,400
149.1696,191.5526,24.5193832195866,16.4687161407982,419.5
149.3481,191.7415,24.3439091304684,16.1631118538825,407.5
149.4044,191.4123,24.6888070614513,16.3681979504189,420
149.3163,191.5591,24.0268166048935,16.5157597630857,412
149.0645,191.5932,24.0584976587951,16.9381994082015,424
149.362,191.6867,24.1054417819052,16.3324078636956,407
149.4822,191.4628,23.8396741921623,16.6418292977091,412
149.5083,191.6215,24.2063964698462,16.407095117766,413.5
149.2603,191.8911,24.4706844137729,16.8020705923168,427
149.4716,191.641,24.4130752558396,16.3936996437446,416
149.3516,191.5573,24.1458689319594,16.7506056508578,419
149.424,191.9471,23.7946528190184,15.9304376503646,393.5
149.3993,191.797,24.0645384642706,16.0192124598142,399
149.509,191.6173,24.1664473122025,16.0981398847542,405
149.107,191.6734,23.6353941748997,16.0676455741876,394
152.3346,191,24.3829503201997,16.0150183777374,403
152.5382,191.2403,23.7794054253883,16.1382768176312,399.5
152.7367,190.9713,23.9056058929002,16.117535630796,400
153.4827,190.9053,23.9586821731969,16.282121999423,405
155.4983,191.1151,22.6093854002354,16.5269827962267,388
NaN,NaN,0,0,0
NaN,NaN,0,0,0
NaN,NaN,0,0,0
NaN,NaN,0,0,0
NaN,NaN,0,0,0
NaN,NaN,0,0,0
159.7979,196.7541,17.6601547334864,11.2514976820943,202
159.6702,192.2456,21.9070237660304,18.7894349176866,423.5
159.4655,190.8048,24.856747903098,18.5336811888421,479
159.4293,191.0415,24.8544534412268,18.0001890515845,465.5
158.842,191.3059,25.1485688439797,18.7678170142683,491.5
158.9305,191.5744,25.2414989020244,18.6868133702005,491.5
158.8235,191.8328,25.2355781974359,18.4057419111049,482.5
152.7692,190.6555,24.3973322302367,16.6066155685071,419.5
151.3719,191.2013,24.416154253328,16.6802174072802,423
151.02,191.1649,23.536744969046,17.0039301412161,416.5
150.8595,191.7538,24.1150634564817,16.4263396896035,411.5
150.3571,191.4774,24.3249839764685,16.34881761845,413
150.3589,191.717,24.2254687167108,16.0637951082917,404
150.2877,191.1994,24.1805665422219,16.0587752050174,402
150.2811,191.6197,23.7795186728691,15.4566285190969,379.5
150.2581,191.6197,23.3099973886633,15.5417676727659,376.5
149.7889,191.8427,22.4136285058983,16.1153362893279,375
149.7864,192.1226,21.5185113660134,15.7089855416064,349.5
149.7361,191.9696,22.3999102722814,14.9430958410647,345.5
149.7451,192.1613,22.6106485318713,14.555845615962,340
149.4366,191.3867,21.9928230960324,14.9184395740537,340.5
149.7258,191.8804,22.2658827619767,14.6812867448808,338.5
150.9078,192.0962,21.7498449136411,15.0556334218029,338
154.0468,197.5993,14.5210165113007,6.32242810913182,89
NaN,NaN,0,0,0
NaN,NaN,0,0,0
NaN,NaN,0,0,0
NaN,NaN,0,0,0
NaN,NaN,0,0,0
NaN,NaN,0,0,0
NaN,NaN,0,0,0
155.7505,196.1363,11.7278518328188,6.84627284044664,79.5
155.6902,193.3517,16.2832400188945,11.7071908874767,191
155.9316,191.3251,18.1483446567675,14.415791190728,263
154.2395,189.1573,18.4447486908063,15.088138909164,286
153.5407,187.25,23.2263615954394,13.9767523871263,336
153.2778,187.6715,21.5107629942619,14.0048746205566,312
153.1887,187.6732,22.047358291993,14.4897789221972,329.5
152.7487,187.6086,22.7149522367376,14.1554976908491,333
152.726,187.8834,22.2629281895836,14.3466271525303,331.5
152.3136,187.9345,22.3553359049661,14.5968868432846,338.5
152.3252,188.2577,21.269326156827,13.9879599301554,308.5
151.6193,188.6616,20.3175561176642,14.0341181018423,295.5
151.6672,188.5027,21.0151876060369,14.376375653139,312
153.8939,190.1081,22.4836395195846,14.3219241177575,333
160.3507,197.3046,22.5349492865429,16.8202928452232,394
159.6221,197.0459,22.1241741062125,16.5617586724174,381.5
159.3602,196.8635,22.4180312140922,16.2761875936667,378.5
159.6836,196.7543,21.7992745781581,16.1081982181082,365
159.4283,196.4543,21.6446526707724,16.1838026590992,365
159.2555,196.9669,21.0680552624758,16.5525452552101,362
159.5374,196.5598,21.3222035665703,15.9224418110218,349.5
159.3225,197.4651,20.4148326727189,16.0365946225344,339
159.3633,197.2676,20.4548153538108,14.9734628033739,317
159.4365,197.433,20.4133870004738,15.5096090915032,329.5
159.2345,197.2847,20.6825954526063,15.6435417234955,335.5
159.3228,197.2513,20.9055885878694,15.5211540343658,333
159.2239,197.5903,19.9249355835292,15.8154319001203,327.5
159.6193,197.283,20.28299838049,15.5847234271988,327.5
159.4595,197.2721,20.4457328590969,15.1725866829623,321
159.6008,197.4864,19.7602818162391,15.5681174583708,319
159.4595,197.6377,20.1854723009466,14.8857163284099,310.5
159.3812,198.0551,19.3132410720346,14.9263049726768,299.5
159.9595,197.7324,20.0553760014427,13.6704695318664,284
162.0823,196.6543,20.1358610926156,15.4395299264782,322
162.2229,197.4082,19.6097812289356,15.2923452472907,309.5
162.3406,197.8924,18.8054744933532,15.3038535097593,297.5
162.6409,197.7407,19.4718217169809,15.0850768567864,304
162.7959,196.9691,20.5674604584919,14.9508001439333,318.5
162.9754,197.5417,19.9844201601753,15.0628597398342,312
163.1824,197.4427,19.9885162541912,15.2922596333638,317
163.5022,197.1562,19.6243729368427,14.8407158649041,302
163.6265,197.5096,19.3601516673063,15.4635080393671,311
163.7578,197.4364,20.1544222959423,14.6610665115987,305.5
162.966,196.982,20.1993515817129,15.46239820073,324
154.7157,190.3807,16.9853520803257,11.7783537295564,204
152.5672,189.3629,17.3462763236882,10.9273784386047,186
152.3465,190.4413,16.4754850274025,10.7059487710448,177.5
151.6965,190.9469,16.7046978467102,10.3720300544733,179
151.4147,190.5889,16.5005200606902,11.299705844206,188.5
152.0181,190.1847,16.2460619181737,9.65763790825591,157
151.6173,190.4814,16.9605720158362,9.78903721554433,165.5
151.703,190.5091,14.8723738873347,9.40930546802568,137.5
151.3978,190.1567,15.694288112538,9.40156341864695,150
151.3435,190.2671,17.0693177500579,9.53053769393836,163.5
150.8828,190.1101,16.7009441751257,10.3627144816196,163.5
149.9342,190.8715,16.125862778025,9.7816786853966,159.5
150.1744,190.9298,15.9909302945813,10.0396630327924,161.5
149.6122,191.6871,16.5898543215532,9.80497605654785,147
149.4704,192.0926,14.2933347544187,9.5511362149903,135
149.7635,191.3382,15.0680341407063,9.15302455608405,136
149.5504,191.1693,13.8489027345885,9.64788778802327,129
151.9437,191.7075,14.4618960884473,8.37312725946792,118.5
172.8583,193.7724,17.7326246125148,15.317633707329,277.5
179.5849,195.9475,18.1120592096974,16.0362768066106,301.5
179.8122,195.2413,19.0033596525455,15.6538329113308,308
179.9272,195.3114,19.0312982616043,15.6006470515479,304.5
179.9149,194.8027,19.1183730512917,15.4947308397221,307.5
179.9074,194.7746,18.4918426575776,15.3610733712906,293.5
179.9403,194.4279,19.4254298462194,15.6414098365562,315.5
184.1335,191.3164,18.1852698210126,15.2647816816798,286
183.8889,190.8537,18.0783861358985,14.6243180696098,270
183.7988,190.8656,18.4272023287579,15.4847155113602,294
183.7397,190.8336,18.8604414147718,15.3238086857707,294.5
184.2467,191.213,17.5348999774914,15.3266443495608,277
183.6075,191.0689,18.8970700833702,15.7651172074599,307
183.8539,191.5376,19.3726009404929,15.1420286791774,303.5
184.1328,191.4164,18.0182437934474,15.9143897484706,295
183.5211,193.2616,19.3784427206273,15.3193361400095,304.5
182.4395,195.2974,17.8358128578086,15.3189678973854,278
183.1468,194.7412,19.1016050951363,15.7827403019131,311
183.4387,194.7031,19.4814426900282,14.988725348231,302
182.92,194.8993,18.1339214661559,15.9446221478825,298
182.9595,194.5804,17.5553885624661,15.6353640598471,284
183.2921,194.8084,18.4042299469297,15.0740638647246,287
183.0628,194.6243,18.9367157285424,15.883454224033,310.5
182.5578,194.8074,17.904608003239,15.9260452202804,292.5
183.098,194.1157,18.4091255811637,15.9043303766699,301
183.0444,194.2948,17.870914992627,15.5478451698664,285.5
182.5222,194.33,18.7828978642243,15.6818640333788,304.5
182.9105,194.4994,19.1962156233609,15.0421816563384,296
182.8918,194.5831,18.7088390653487,15.9834209259628,311
183.6132,193.3003,18.5747971854481,15.8413811217947,302.5
183.4981,193.0261,17.9467866004141,16.2333080984974,300.5
183.409,192.5066,18.4046757108819,16.1101341546411,304
183.7399,193.1315,18.5493492901133,15.2112546736251,291.5
183.5746,192.7915,18.3637174748012,15.5909309118893,295
183.6488,193.1174,18.1114613512099,16.0454541126211,298
183.8282,193.3007,18.4134029166661,16.2828745059067,311.5
183.685,192.7837,18.6287086655599,16.1141485797599,309
183.315,193.5011,18.2716793580663,15.9365936956799,300
183.6196,192.7901,18.8435886462944,15.69507303574,301
183.8307,192.711,19.0712689015451,15.9580176131867,312
183.7272,193.242,19.1681602529745,15.5281718527556,303
183.9277,192.9088,19.8020892929761,15.5070759310403,318
183.1894,193.4654,18.3464971358265,16.2596677074102,308
183.1761,193.6667,18.7412176699354,16.1762219502864,310.5
183.4012,193.2765,18.2107559740549,16.1609084396059,302
185.3339,191.1667,17.9790622202101,16.3328896641102,301
185.8743,191.1269,18.1738159546043,15.4146090092108,285
185.9097,191.1437,18.1361535596504,15.8704875156903,297
185.4771,191.0016,18.5425159694239,16.0468726916464,306
185.6434,190.9974,18.8040763115536,16.138653691847,315.5
185.321,191.1866,18.5507946932148,16.1371518363499,310
185.7091,190.8728,18.5444404314344,16.3860543669784,314.5
185.51,191.4884,18.9855177722976,16.1778851556402,317
185.7752,191.5869,18.6927666137378,17.026506243952,324
185.9178,191.6813,19.4800854456487,16.3884657045348,330.5
185.4881,191.6256,19.1745533021791,17.0155295301629,337
185.831,191.6643,20.7205237924346,16.4378623871977,352
185.824,191.6413,19.9009619920864,17.0975445311196,348.5
185.7188,192.0152,19.5234496739053,17.3361480776061,352
185.4725,191.7926,19.765054727159,17.361443635158,352
184.7062,191.0733,19.7794425124386,17.1303933108909,350
184.9734,190.8847,19.3941149107913,17.1168078988326,344
184.9179,190.8775,20.2476044934221,16.3887153944183,343
185.2462,190.885,19.7655050234776,16.6705444902318,340.5
184.7086,191.0653,20.3431642327731,16.651047306106,349.5
184.3785,190.7663,20.3492906753609,17.0197397828895,358
184.5802,191.0367,19.9187674404172,17.4653703204062,358.5
184.418,191.2535,19.7154092017734,17.0901973820879,344.5
184.6314,190.9652,19.826281441432,16.4500147436779,335.5
184.5589,190.6536,20.9136078772953,17.1332093018354,371
184.9567,191.17,20.4327473950256,17.8068709440283,377.5
184.558,190.8952,20.8314372271254,17.9676878909963,388
184.5384,191.3141,20.4806000185287,17.6486434549826,373
184.6201,191.6012,20.8249370564398,17.4540491372678,369
184.7647,191.3309,21.7487376355607,18.087330060627,408
184.6654,191.9477,21.3950027278452,17.5741778921995,389
184.9039,191.5033,20.9377521912629,17.6640099591473,381.5
184.9655,191.0566,20.7340790737868,18.1726294266377,391.5
184.7696,191.7447,20.5628390293305,18.5970976111881,395
185.2964,191.1332,20.8815277828033,18.0962186419204,393
184.9887,191.432,21.0913315898616,18.2838597247331,398.5
184.9133,191.3895,20.500206345254,18.3402131137326,388.5
185.4114,191.1346,21.5213595772489,18.3396832310446,410
185.1532,191.2229,21.4203406915927,18.0516004588639,401.5
185.8935,190.9324,21.5946110389556,18.1642220151668,407
186.3333,190.8166,21.8003018959674,17.3595406735358,392.5
187.0115,190.1943,21.0314121420222,18.1690075258155,392
187.813,189.7301,20.97889665196,18.1268367734983,394
189.617,191.1254,19.4909746065362,15.8572086724509,319
189.3121,195.4161,16.6063136481137,5.89202096104295,78.5
NaN,NaN,0,0,0
NaN,NaN,0,0,0
NaN,NaN,0,0,0
NaN,NaN,0,0,0
NaN,NaN,0,0,0
NaN,NaN,0,0,0
NaN,NaN,0,0,0
NaN,NaN,0,0,0
NaN,NaN,0,0,0
185.7096,194.467,16.5954085848459,7.05795152244207,101
186.694,193.2429,17.2224641489561,10.457656859996,177
187.3444,193.5596,18.0015493841556,10.684292519341,180.5
187.2478,194.1652,17.1594272072102,10.1234263590533,171.5
186.1135,196.1389,15.6373779850115,9.27201848889541,138
181.4854,198.5813,13.1455114290844,6.40419850054856,80
181.8944,200.4951,15.000168119577,5.48620478753644,50.5
180.8396,200.2306,14.1009641625935,6.93130330578915,92.5
176.6814,201.422,15.3588711048204,7.13567076665261,101.5
170.874,204.1118,16.2441600776581,10.1130878931477,164
163.5346,208.7159,18.7607200472645,13.0530211687999,243.5
162.5183,208.1372,17.9606646822198,15.9642081719355,296.5
162.74,207.4144,18.0054822032686,16.1652994690503,300
162.2114,207.0179,18.6218167594928,16.1615355052552,307.5
161.953,206.5862,18.9497523235148,17.0676740268566,329.5
162.5711,206.3062,19.824103247843,17.3871785545365,350.5
159.7064,209.2074,18.730306736285,17.1155994258022,323
158.1447,209.9869,18.3738627847479,18.0434698293057,330.5
158.0197,208.8815,20.6174749414685,18.0796133434055,381
157.7603,208.8929,19.836054200961,17.7765896584078,359.5
157.4792,209.018,20.2725333794541,17.3370954099455,361
157.4334,208.0152,20.3550235703949,17.8100012314555,373
156.9061,207.7518,19.968704904257,16.9380202304594,344.5
159.7931,205.133,20.9954780784211,17.7867773366959,381
159.8623,203.7998,20.6152280246224,17.3023897458438,363
160.0028,203.1625,21.0228262127397,16.7627239743843,362
159.6029,203.0596,21.1580489878938,16.6881704312409,366
160.0676,203.0634,20.7890874442496,16.6355576452591,355
159.7961,202.8687,21.2683729665533,15.9009278276495,351.5
159.4126,202.3259,20.9346709652436,16.5112411752825,357.5
159.7496,201.7804,21.3191708796498,16.563239079847,363.5
159.1295,201.6173,21.9983439891168,16.3757297266579,374.5
157.4952,201.4982,20.6123347976499,15.3850701493209,329.5
156.6722,200.5875,22.4883444085545,15.3967495975481,360
156.6677,200.8658,21.6051785153808,14.9403348340854,334
156.6832,200.8544,21.9668424440048,15.1165911293808,343.5
156.6566,200.5881,22.1144102598286,15.2809647336754,348
156.3683,201.2694,21.113936258197,15.1983381230296,333.5
156.3167,200.787,21.3102450525631,14.5230622790542,320
155.6115,200.421,20.6313460322172,15.3955598455795,329
153.962,199.392,20.6056051971944,13.9568756291116,298.5
153.3618,199.6127,19.1274825276392,14.0245749101669,275
153.8392,200.0111,18.4862448078751,13.4899305095615,256
152.7582,203.5085,12.4721448695766,10.7520091029895,127.5
NaN,NaN,0,0,0
NaN,NaN,0,0,0
NaN,NaN,0,0,0
NaN,NaN,0,0,0
NaN,NaN,0,0,0
NaN,NaN,0,0,0
NaN,NaN,0,0,0
NaN,NaN,0,0,0
NaN,NaN,0,0,0
NaN,NaN,0,0,0
NaN,NaN,0,0,0
NaN,NaN,0,0,0
150.1911,204.6761,11.1437506691272,9.25757541655874,105.5
150.5283,202.841,13.3124557317444,11.3472236308593,153
150.4386,201.3307,15.910206216398,12.1490335970222,191.5
150.5897,201.3694,17.7096784822331,11.2853173508923,203.5
150.4581,200.9577,17.9373994572881,11.972031238981,220.5
150.1552,200.7988,18.825256375964,11.4515985780563,217
150.0476,201.1912,18.5556606376889,11.4362657970466,217
150.6846,201.1969,18.0368574346543,11.2216266953723,204
150.6335,201.0954,17.8079192006153,10.9813414850301,201
150.2943,201.6685,17.3578535540363,10.4042680026636,183.5
153.0988,201.7387,18.2543836072795,11.6418566735912,217.5
154.0774,202.1674,18.0923698476313,12.1163767087955,226
153.9419,202.3372,16.9048636183988,12.2767331417116,215
154.1906,202.2036,18.4535959906831,10.9593910240804,205.5
153.8756,202.7801,17.3802932897029,11.9228699398915,213
154.1221,202.3139,17.2113806458815,12.4441488870785,222.5
154.0436,203.0256,16.6945179704594,11.4139285092427,195
154.055,202.9902,16.4739753431179,11.3309263063106,188
161.5856,198.1038,16.7556315502299,11.8972693033838,205.5
173.0084,192.688,16.9739384146661,12.6204190520827,218.5
173.1917,193.1249,15.4531451927542,13.2336868096948,209.5
172.433,193.6047,16.1219316999067,14.084016449494,234
172.9781,194.0952,16.9388793888604,12.4480964185608,213.5
172.8019,194.4505,16.1410851478697,13.2388381020904,212
173.2873,194.2779,16.4086470571228,12.6389541696657,213.5
173.4846,194.2846,15.9789932210142,13.5616794731601,222.5
180.6808,194.113,16.3026571641728,14.0054456738721,236
184.1624,194.0199,16.6916972446995,14.771976962088,251.5
183.5704,194.5906,16.8874579292595,14.3632999471755,247.5
184.2579,195.0951,15.6254255649249,14.9455822582655,236.5
184.0972,195.215,16.2682739308112,15.1120423195151,252
184.4248,194.6176,17.6961330525195,14.1536804229208,251.5
184.6926,195.2904,17.1734576068091,15.1810380485504,264
184.6679,195.2264,17.5762410095161,14.804437847071,263.5
184.5708,195.3764,17.6294199608692,14.6002992507043,259
185.4068,195.9372,16.4227710457192,15.0361884851518,249.5
184.7708,195.6402,17.3385731227321,15.2603793035836,264
184.9827,195.3629,18.0479957793912,14.7192484051787,270.5
185.1752,195.3516,17.57463959355,14.684152417843,264.5
185.825,195.558,17.2813822926314,15.2631160188087,271.5
185.6042,195.3069,17.6101701072678,14.3502530078497,259
182.5961,201.0492,17.9275122559704,15.6164736575187,288
182.5281,201.7337,17.8486434642465,15.8571277791583,291
182.0687,201.8166,17.3178980122085,15.6352716925775,279
182.4334,202.2964,17.8246251242085,14.6271538943802,266.5
182.5761,201.7822,18.9431681757953,14.8530105707049,287
182.6724,201.927,18.3086018390714,15.5160196711368,290
182.9021,201.4647,19.9135198848389,13.9281952935245,269
182.5183,201.2967,17.8925188514753,15.5507494400893,282
182.6631,201.7359,18.5313283771817,14.8586726526286,277
179.346,202.0999,19.6107345977797,16.1836702036959,328.5
177.5989,202.6866,18.3826265299089,15.0380378174102,275.5
177.5544,202.4127,19.4512436963583,14.4676902463074,283.5
178.463,203.6379,16.0439426907915,13.2740695177244,191.5
NaN,NaN,0,0,0
NaN,NaN,0,0,0
NaN,NaN,0,0,0
NaN,NaN,0,0,0
NaN,NaN,0,0,0
NaN,NaN,0,0,0
155.8638,201.0063,10.830547775091,9.59250895957483,106.5
156.7329,198.8721,15.7660801339562,9.92548668437708,146
156.2282,198.9618,15.7466962476676,9.67353427092868,157
157.0619,199.1867,16.0874345797194,9.20490067999276,145.5
156.6703,197.947,17.2780777166233,10.5176108827346,185.5
156.4819,198.3601,18.6226815136931,10.4298019674077,193
156.091,198.5086,17.3812784317552,10.0480504797217,174
156.8787,197.9474,18.9231835399316,10.3217252800597,196.5
156.4893,198.4152,19.0062798018123,10.4955703748733,195.5
156.9438,198.5525,16.6033903507347,10.8495614366046,184
157.3073,198.398,17.1301508917448,11.370453649263,198.5
157.5425,198.0859,16.7019249874804,10.7605686316,178.5
157.0998,198.0948,17.1357552636039,10.0653939171978,167
157.1803,198.0943,17.1843263810293,9.70123744605508,159
157.372,197.7513,16.0765366504716,10.458811082851,159.5
160.4371,197.1079,17.393620841377,11.6005068340576,205.5
160.4374,197.6264,17.9703687659802,10.5861204015318,190.5
160.692,197.4101,17.6432497204927,10.2048354984085,184.5
170.0444,202.0817,17.9642797263992,13.8097887230164,255
177.7048,208.632,15.8158338046735,15.0799479464537,240.5
177.5426,209.7485,15.1133926348544,14.6520657673823,193.5
178.1606,208.853,16.7534318941221,13.2537873038541,220
178.4713,208.3958,16.8219205442115,13.78730461635,232
178.5282,208.1073,16.7827495833495,14.5076099568901,245.5
178.3113,208.4371,15.7070179784282,14.0357971167539,212
178.472,209.0907,15.2313022021302,14.5786296436183,226
175.2471,211.5396,15.7472975287802,13.6839393005099,216.5
174.5277,213.8943,14.7409836985923,12.9494387884274,195.5
174.9067,213.3901,15.1239934985655,14.4922476924793,205.5
174.7645,213.8525,14.5347193600195,14.0272502192504,204.5
175.5865,214.7159,15.12210478877,13.0453529613604,183
176.2674,215.3696,15.7758155606756,11.8614791182897,174.5
174.1633,214.7517,15.8712814066373,13.8521155367145,219.5
173.5004,215.8087,15.3841316227755,13.7127604887981,192.5
173.2116,215.4977,14.7896818212025,12.5091913259648,183.5
173.8193,215.757,14.7123903428056,13.2830672078368,184.5
173.5412,215.0935,15.3764457487108,14.7519471808235,224.5
173.8728,215.8412,14.5132903074534,13.629346417974,179.5
172.2212,215.9591,16.4889645108123,14.3924672215001,220
171.8824,217.0618,16.5427390557912,13.0105062163201,197
172.3208,216.1757,16.9130352719544,14.5427058696189,239
171.9781,217.2723,14.5278637988086,13.0376382856306,183
171.9369,217.2346,16.112255037582,13.4148682445487,206
172.0348,216.6185,15.7022118243672,13.6152881855222,211
173.2547,216.9323,15.1967690330062,13.8260288022815,197
173.9712,217.1279,15.8943818422917,13.8400176198895,208.5
173.1525,217.4393,14.2253022740785,13.4563577669594,182.5
173.2012,217.6216,15.2952720740607,12.9570750773276,174
173.4833,218.0949,13.7359610044132,12.1260199207328,154.5
174.0979,217.6493,13.1643969552171,12.2938499036167,163.5
172.803,216.3161,13.6346030664871,11.1826171363512,145.5
172.7575,214.3239,16.2602781279469,13.5807065511346,194.5
172.8226,213.6369,16.741237605513,13.2124590180336,218
173.394,214.9829,14.9421775736546,14.2131469842742,195
172.7943,213.5872,17.5613187292961,13.8724543612148,245.5
173.4444,214.6727,15.726168856319,13.8377012192101,222
172.6833,214.4875,15.9218902032462,15.0210549644638,241
174.2846,213.0974,15.2351448518939,14.1579721597819,219
176.1287,209.6801,15.3794443318093,14.4698265190643,224
176.0672,209.0679,17.0649809979279,13.9599639624971,240.5
175.4579,209.3604,18.5766001918929,13.8527963546654,265
175.5835,209.0464,17.5508832561401,14.4386288316473,258.5
175.5448,209.5476,16.5267152389829,14.2352779368825,236.5
175.8451,209.9811,16.543641769353,12.563302411231,212
176.058,209.1578,17.3346761293786,13.4607182142272,235.5
176.4126,208.6856,17.6768403381919,13.8158524882155,246
176.7386,209.0185,17.0558205016635,13.5801412524632,234
176.7091,208.8344,17.4995313803784,13.4876508461523,235.5
176.5594,209.2298,16.3066054834021,13.9115999212311,219
176.8851,208.5616,17.117987480263,13.6297710318731,238
176.3628,209.4021,16.9366597658563,13.7047152018647,237.5
176.4692,209.0945,17.1287550758636,13.9410420770934,238
176.709,209.225,17.179892528947,14.0363628248651,240
170.2309,205.5306,16.4972457455782,13.1084271302748,223
165.2938,204.6355,16.6424233261047,12.7822484511858,219
164.7948,204.5155,17.2070338406773,12.8208547150308,225
164.5136,204.5521,17.1062435107103,11.9524426373342,208
164.1899,204.3741,16.512930697923,12.2507779407867,204.5
163.849,204.37,16.9558887726274,10.9396250102811,186.5
163.9236,204.9182,17.3014554847042,12.4966694314367,216
164.1671,204.5916,16.7604166648584,12.6046744704374,215.5
164.274,204.612,16.5227244039782,12.7491393656195,213.5
164.0065,204.8337,17.5499744760537,12.8037554369525,229.5
164.5768,205.0016,16.7950218351206,12.1426797187389,204
159.6811,203.2746,15.3254024096066,9.74575230511994,150.5
158.7369,204.8829,10.8733258999582,8.66415908407027,92.5
158.5579,204.1803,11.7618644000038,9.92184158635598,116.5
159.2136,203.8076,12.0093595520243,9.34303821249235,110
159.2395,202.4837,14.56663025248,9.65539515987514,138.5
159.5019,203.1202,13.6108884650095,9.79462171431898,134.5
NaN,NaN,0,0,0
NaN,NaN,0,0,0
NaN,NaN,0,0,0
NaN,NaN,0,0,0
NaN,NaN,0,0,0
NaN,NaN,0,0,0
NaN,NaN,0,0,0
NaN,NaN,0,0,0
159.2911,201.8467,10.1732418858297,8.96248113252912,75
158.7428,199.3719,14.4936526079878,10.7951275665175,155.5
158.4031,198.4258,16.3904124490463,11.4243642552133,191
159.3308,197.9617,18.6364030058323,10.2293510656128,196
159.0831,198.594,16.3589126926192,10.5927181692022,176.5
158.8249,198.4953,16.3397086139627,10.8790455096868,178
158.6658,199.3342,17.8942314594096,10.4627947272066,192
158.5308,199.1206,17.9419712571625,10.3865699785699,186.5
158.7123,199.5108,17.2870161580445,11.447915803908,201
158.1356,199.9542,17.0137590005222,11.0423709998054,193
158.2807,200.6235,15.9283298184107,11.3609937998861,177.5
169.0868,207.0139,16.5807332148569,14.8246357592018,251.5
174.7283,213.495,17.9296561051126,14.426644871318,265
174.7579,213.2357,18.1224266444041,14.2461498957065,263
174.5153,213.4536,18.4224086028558,14.52263052765,262
174.9418,213.7354,16.8662853020825,13.7812766509156,237.5
174.8543,212.779,18.8199937735297,14.1839863824037,274.5
174.8566,213.5833,16.9339577908507,14.0472902697869,236
174.8352,212.8115,19.0646225336033,13.7445053175528,267
175.2108,212.9781,16.89219937867,14.361837424378,243.5
161.2776,206.1338,17.3053991703939,11.4909346356306,200.5
151.497,206.2113,15.5580290820111,8.12740188224735,112
147.5603,208.0776,15.8211349264165,7.60375798784761,116
147.4211,207.9649,13.0827303490297,7.0684600097999,76
147.3272,207.0244,16.3641382738389,6.39518965272071,82
147.2032,207.395,16.030553089207,6.78811288615678,73
147.8201,206.7689,14.3281391169495,7.12025391948995,88
NaN,NaN,0,0,0
NaN,NaN,0,0,0
NaN,NaN,0,0,0
NaN,NaN,0,0,0
NaN,NaN,0,0,0
NaN,NaN,0,0,0
NaN,NaN,0,0,0
NaN,NaN,0,0,0
NaN,NaN,0,0,0
NaN,NaN,0,0,0
NaN,NaN,0,0,0
NaN,NaN,0,0,0
NaN,NaN,0,0,0
NaN,NaN,0,0,0
NaN,NaN,0,0,0
NaN,NaN,0,0,0
NaN,NaN,0,0,0
NaN,NaN,0,0,0
NaN,NaN,0,0,0
NaN,NaN,0,0,0
NaN,NaN,0,0,0
NaN,NaN,0,0,0
NaN,NaN,0,0,0
NaN,NaN,0,0,0
NaN,NaN,0,0,0
NaN,NaN,0,0,0
NaN,NaN,0,0,0
NaN,NaN,0,0,0
NaN,NaN,0,0,0
NaN,NaN,0,0,0
NaN,NaN,0,0,0
NaN,NaN,0,0,0
NaN,NaN,0,0,0
NaN,NaN,0,0,0
NaN,NaN,0,0,0
NaN,NaN,0,0,0
NaN,NaN,0,0,0
149.2684,199.3599,11.591907018747,5.81011920525158,56.5
153.998,194.5569,14.108148882995,6.61645994450598,83.5
153.7222,194.8133,13.2348187790937,6.02678847247983,75
153.876,194.9457,12.2346472733739,7.16043029182697,64.5
153.2533,195.1899,15.2050637558775,6.77697814100781,89.5
153.4072,194.2848,11.6411833768825,7.38119197839617,79
153.1401,195.0982,13.4483969999573,7.91176783171978,103.5
153.7949,194.4592,14.5569327451237,5.7837642234187,71.5
152.787,195.1796,13.0592966715077,7.42600513995714,90
153.1256,194.2094,13.8044667153112,7.13245976691308,99.5
153.5382,194.4219,14.0049771603126,7.2269080593285,96
155.6981,192.3303,15.1901353491665,7.80736076729054,111.5
156.1199,191.0467,15.7663597225757,8.55881765333424,132
156.0172,191.4138,17.2783402122962,7.70494729235015,116
157.1026,191.9952,14.750181203482,7.9914539768155,104
156.1162,191.535,16.6687033058704,7.9654282739795,119
157.0468,191.4163,15.4410557815454,7.76184757674717,110.5
155.9651,192.7656,13.4254694933364,8.6246380873505,114.5
156.9344,192.0103,14.6247111079271,9.10657559613339,129.5
156.5667,191.6394,17.0237462659084,7.19950237334927,110
156.705,192.0827,15.7333977934065,8.87216461149542,139
156.4951,192.5345,15.6305255187493,8.17330620007538,118.5
156.3493,191.6388,16.2159049946778,8.15724687538178,125.5
152.9574,191.5739,13.8843645783794,5.5793835997629,66.5
151.5453,190.6359,15.2191561959098,6.66925559973547,92
151.308,192.2152,15.0066531611493,6.28781104243522,79
151.2284,194.0494,10.2855220539207,5.66315451974941,54
151.4134,191.6408,10.7002898072026,6.7958549871418,64.5
151.0375,191.725,15.3908804927589,7.17261616550023,80
150.9869,192.1307,12.9071743078259,7.35436200107756,76.5
152.1419,191.6882,14.2485570077525,5.78839518275238,77.5
151.9765,192.5491,12.5260479309521,6.40800364355264,78
150.7282,190.7846,14.2589265834898,6.14515531057707,65
151.2083,189.3604,15.3008951254919,6.53283804652354,80
NaN,NaN,0,0,0
149.973,193.0833,13.0596560579662,6.48303927921795,68
151.229,191.2646,12.2612406247534,6.52721250296434,65.5
150.5457,191.8978,14.0130094220314,5.19628891437641,62
150.5862,191.7793,12.5335771504896,6.01790059094964,72.5
151.2403,191.145,10.3490767639327,7.88576591867384,77
150.4924,190.7059,13.6026520044472,5.61403007819004,76.5
151.0748,192.3583,12.7579882107797,5.94368805327209,53.5
150.6725,192.1686,15.6560587182858,6.06348047091643,85
151.6991,191.513,12.1149062240162,6.98778163367471,77
151.0649,190.955,13.7473178993079,7.11877468632454,92.5
150.665,190.8806,16.2041668142074,6.55985043720786,100.5
150.8468,191.3561,11.8201121784562,7.59679757447783,80.5
150.6347,192.5819,11.4282472033307,8.39160858839299,88.5
152.8584,191.2539,13.6280787616334,7.34615196229758,96.5
152.456,191.6632,15.2752647815477,8.1356398302054,96.5
151.9799,191.2249,14.902590697798,8.25204063446605,124.5
152.2632,191.0189,16.209380530392,8.15634339193203,123.5
152.8349,191.2294,14.9645627563255,7.41574437212446,109
