X,Y
63.77002,156.9553
63.646,156.7852
63.66162,156.7764
63.44385,156.6187
63.93066,157.0659
63.80713,156.9321
63.68604,156.8203
63.61328,156.7473
63.54053,156.7092
63.92041,157.1584
63.46045,156.5747
63.43115,156.6482
63.45068,156.7202
63.72754,156.9946
64.45898,157.4861
62.95508,156.6216
63.20947,156.6157
63.33301,156.7129
63.17188,156.6387
63.3418,156.7495
63.41992,156.8088
63.58545,156.9087
63.6499,157.0776
78.72217,168.2402
89.71777,174.595
90.68604,175.0708
90.94043,175.2681
91.50195,175.554
89.85156,174.7666
90.48291,175.0864
91.30176,175.5659
90.66162,175.2402
92.22168,176.0884
92.5332,176.2744
90.29883,175.0195
71.59668,164.0352
72.48047,164.5696
72.13721,164.3271
71.54395,164.0999
74.54443,165.6853
73.62305,165.1904
72.19727,164.4597
73.04932,164.9573
75.56348,166.4067
76.60547,166.9468
77.29443,167.323
76.74023,167.0435
76.91748,167.155
77.32129,167.3704
77.25732,167.3269
79,168.2676
79.36963,168.4448
78.47998,167.95
87.49658,173.0037
121.3574,191.731
123.1616,192.5942
123.1333,192.5676
122.3994,192.2188
122.1885,192.1279
123.1401,192.5784
120.71,191.3352
123.2036,192.5796
124.9585,193.4988
123.272,192.5908
56.93555,152.8804
79.84375,158.5398
79.16211,158.2285
78.5,157.9658
79.86475,158.3926
78.69873,157.9644
78.04395,157.7849
77.55957,157.6682
76.22266,157.22
77.0791,157.5417
74.47363,156.6597
73.16455,156.2756
71.08008,155.7046
69.63379,155.2578
68.4624,154.8362
68.01904,154.7954
67.19141,154.5376
67.28076,154.7112
59.87939,154.8062
73.75342,164.7351
74.83057,165.3059
74.83691,165.3264
75.23047,165.5383
76.44434,166.2017
76.16992,166.104
77.2583,166.6736
77.04443,166.5439
77.854,167.0352
78.56787,167.4258
79.25928,167.8315
80.09717,168.2581
79.41699,167.906
79.16895,167.7634
79.81396,168.0928
79.89111,168.0876
79.0166,167.5728
79.71875,167.9033
78.40869,167.0962
78.29688,167.01
76.74805,166.1028
76.11475,165.6763
76.31201,165.7546
75.74658,165.3997
74.4375,164.6067
74.04346,164.3496
73.65332,164.1245
72.79883,163.6118
71.37646,162.7021
70.4707,162.1489
68.88867,161.1365
69.03564,161.2
68.61182,160.9565
67.54541,160.2766
67.74658,160.3767
77.07129,166.6548
76.1748,166.1248
76.23096,166.1733
74.10693,164.9224
73.2876,164.4265
72.09814,163.7383
70.17236,162.5513
68.52637,161.4338
68.12109,161.1941
66.90771,160.3318
62.06982,156.1243
61.78125,155.6448
61.7876,155.1323
62.23584,155.0417
62.80713,155.1111
63.06592,154.9802
63.79736,155.0347
63.95264,155.0593
63.8916,155.1641
63.55225,155.2549
63.43994,155.4075
63.11865,155.6724
62.99756,155.6934
62.81201,155.8784
62.86328,156.1074
62.95068,156.3748
63.07129,156.5806
63.06641,156.6365
62.91846,156.6667
63.07959,156.9485
63.64453,157.2996
63.80225,157.4971
64.23047,157.8467
64.71729,158.1675
66.29834,159.2842
68.80029,160.9592
72.0127,163.0203
75.58301,165.2051
59.21777,152.8708
64.23535,152.3101
64.69482,152.7043
63.11572,152.4048
62.65723,152.4092
60.49414,151.6497
59.76221,151.9326
59.26318,151.9124
85.65332,160.8318
91.65381,162.8906
89.65967,162.1985
85.30762,160.6848
82.76611,159.8503
80.60449,159.1365
78.82617,158.5811
124.2344,174.8887
139.3818,180.7263
139.1973,180.6846
136.7285,179.7439
133.728,178.5881
129.4116,176.9082
129.0073,176.7327
133.4443,178.5276
130.6812,177.4714
125.9663,175.6497
120.4922,173.5576
115.6221,171.7102
111.0298,169.9797
102.2441,166.7134
95.63965,164.3022
91.80225,162.9434
85.77344,160.8442
80.73486,159.1304
72.50684,156.5066
60.64941,153.8389
59.80225,154.4146
59.73633,154.8728
59.66602,155.3574
61.31494,156.8865
64.00488,159.0256
65.41797,160.0845
68.02295,161.884
70.06201,163.2334
71.69141,164.1917
73.38916,165.26
75.05762,166.262
77.11328,167.4956
68.6792,161.7632
65.95898,154.5769
66.20215,154.603
65.66846,154.5317
65.35107,154.5527
64.80225,154.4534
64.55957,154.5422
64.35107,154.6145
64.07373,154.6516
93.1792,163.4221
95.0166,164.093
91.521,162.8545
90.19531,162.3867
87.61963,161.502
84.23779,160.3555
81.19482,159.3499
77.54883,158.1899
87.58447,161.4766
98.22363,165.1206
96.59521,164.5232
93.76318,163.522
89.41504,162.0208
85.40479,160.6299
83.84521,160.1167
81.31836,159.2622
79.75977,158.7712
78.50439,158.3806
77.36182,158.0159
74.80176,157.219
77.09082,157.9395
75.67969,157.4915
76.48389,157.801
76.77734,157.8618
59.05225,152.9766
49.17773,150.1802
49.49902,150.082
49.32666,149.7637
50.71289,150.4641
48.76807,149.3689
53.46826,148.8591
54.84033,149.0513
56.71973,149.6235
59.33887,150.2944
48.06787,146.1028
24.96289,137.3403
26.8252,137.4353
29.13623,137.9626
30.66895,138.2263
33.23877,139.0623
32.771,138.5488
35.05566,139.3313
58.40137,147.106
68.61084,150.8533
69.29736,151.155
72.05713,152.3994
71.96582,152.5393
72.06299,152.6721
68.80713,151.4534
69.79297,152.0098
93.40137,161.1829
100.9717,164.1331
102.1987,164.8704
96.74951,162.8806
95.31055,162.394
91.6665,161.1851
86.05811,159.2004
83.20752,158.2761
79.49707,157.0015
73.83887,155.0317
74.46338,155.4258
70.93945,154.2727
69.09766,153.8875
66.68604,153.1252
64.19922,152.4058
61.91943,151.679
60.20996,151.3787
58.11377,150.8613
56.48438,150.7393
55.91602,151.0232
54.98926,151.1086
54.5249,151.2141
54.65674,151.6345
55.73291,152.3923
68.65479,155.0139
68.65918,154.939
68.1958,154.8735
68.18408,154.8789
68.66992,155.0227
67.5332,154.6602
67.90869,154.8481
57.06494,152.2471
48.65332,148.9746
49.7334,149.5085
49.84033,149.6394
49.7998,149.5896
50.87646,150.0959
50.55811,149.8796
50.58643,149.8518
49.33691,149.2922
49.78223,149.5698
49.31152,149.4253
49.83496,149.6501
50.00635,149.6799
49.36719,149.3376
50.44824,149.8247
49.88477,149.7068
50.68164,150.0491
50.63623,150.2224
50.25342,149.9255
50.89551,150.2781
49.24707,149.4048
50.2085,150.1152
50.08838,150.0762
49.83008,149.916
49.36377,149.7498
51.11914,150.5356
47.93701,148.9026
46.81836,148.4084
47.9165,148.8545
48.37402,149.2534
48.76904,149.4446
49.31934,149.6401
47.98682,149.1797
48.79785,149.6172
49.71582,151.0522
49.21094,150.7966
50.26514,151.457
50.11865,151.3315
49.45752,150.9854
49.7583,151.2153
49.79883,151.2581
49.05762,150.8428
49.55908,151.0005
49.90039,151.137
49.24854,150.8018
49.1958,150.876
49.45898,151.0015
49.6709,151.0557
50.6123,151.5898
56.22803,151.6079
60.40771,152.6797
61.60059,153.0942
62.07861,153.1768
62.85205,153.3792
73.0625,156.5884
102.2671,166.6145
99.34668,165.5391
100.0356,165.7881
100.1099,165.8152
99.7251,165.6489
99.05957,165.4019
99.28223,165.4851
99.35693,165.5022
92.28613,162.7214
90.85059,162.1367
92.24805,162.6895
90.70996,162.082
90.55176,162.0352
90.19434,161.8953
91.45898,162.3809
92.70117,162.8381
91.27832,162.3269
92.25488,162.7175
93.87207,163.3364
93.2627,163.123
102.2446,166.4636
104.0801,167.1748
103.3594,166.9106
103.0142,166.7649
105.1792,167.5903
96.59668,164.2415
98.08789,164.7476
96.77441,164.2334
96.27832,164.0569
96.77051,164.2424
96.04395,163.9548
95.82813,163.9036
96.33496,164.0271
96.66797,164.1504
95.25488,163.7717
97.18652,164.5129
96.30566,164.1697
94.57129,163.5183
96.36719,164.1814
95.14941,163.7195
95.66895,163.9089
94.99902,163.6792
93.25,163.0039
96.42285,164.1638
95.10938,163.7009
93.99805,163.3008
92.17871,162.6426
93.08496,162.9673
95.12109,163.7534
92.13379,162.6177
93.93555,163.324
93.40332,163.1526
91.80371,162.5823
90.3584,162.094
86.68066,160.7817
82.08496,159.179
77.55225,157.5991
75.54297,156.9971
70.99561,155.5234
68.96973,154.8855
67.2915,154.3057
65.74219,153.8306
56.05957,151.7124
55.79443,151.4158
56.97021,151.9968
57.0708,152.2324
56.57275,152.0867
56.4043,152.0437
55.29639,151.6721
55.58789,151.9041
55.76904,152.2534
56.84229,153.21
80.8125,168.3213
84.0791,170.1978
84.11865,170.2405
86.66211,171.71
87.89697,172.4043
88.83496,172.9639
88.89014,173.0242
89.62891,173.4519
88.58057,172.8982
89.81055,173.5916
89.2041,173.2966
88.69141,173.0188
87.15039,172.1711
90.87012,175.0134
88.99365,174.1104
88.93945,174.0825
88.42432,173.8926
88.21777,173.7983
88.12402,173.6841
87.44092,173.3257
88.08936,173.7473
104.2539,182.2344
103.4087,181.8254
104.5254,182.4314
102.334,181.3044
104.0957,182.2285
106.6025,183.5107
106.0547,183.2283
106.668,183.5681
106.6763,183.5327
106.2109,183.3005
106.9482,183.6616
105.3486,182.7942
83.06641,170.3931
79.29053,168.3149
78.10596,167.6626
78.06055,167.6121
76.81934,166.7847
77.25781,167.0913
76.64014,166.6384
76.46533,166.4878
75.97314,166.1941
76.41113,166.4148
76.43799,166.4321
75.7998,166.0334
75.05664,165.613
76.82031,166.5508
76.25391,166.241
75.93604,165.9985
63.75342,156.8726
63.0752,156.1738
63.04883,156.1807
63.04199,156.0212
63.13965,155.9968
63.2168,156.03
63.11816,155.8555
63.04395,155.7856
63.20605,155.7712
63.17676,155.717
63.06006,155.8247
62.94531,155.7512
63.00146,155.8865
63.99463,155.2593
66.35156,154.6643
66.62988,154.7817
67.26465,155.0361
66.92676,154.9409
66.52344,154.8899
63.78369,156.7944
102.4131,180.4263
103.1191,180.7927
107.7842,183.3057
107.9424,183.4128
113.5659,186.384
149.5942,205.0498
150.0845,205.302
148.3716,204.425
147.792,204.1345
144.1636,202.27
133.0693,196.5427
86.02783,171.2917
82.99707,169.5601
79.13477,167.3069
76.98877,166.0291
74.30664,164.4016
62.82227,156.5034
62.43164,156.0425
62.6626,156.2378
62.03174,155.6497
61.94873,155.4146
61.92432,155.5266
62.10889,155.6863
63.02979,156.4692
62.43506,155.9753
62.72656,156.3108
62.72314,156.2415
62.91211,156.3948
63.01514,156.4373
63.27979,156.6094
63.52637,156.8264
63.81152,157.0007
63.9834,157.1257
64.1748,157.2732
64.58789,157.6428
64.92383,157.9514
62.48633,156.0093
62.40234,155.7671
62.46777,155.7725
62.70068,155.9988
69.51318,155.0359
76.54492,156.8899
77.16113,156.9783
76.36035,156.7622
76.42383,156.8308
75.62012,156.5186
77.55957,157.2515
75.95801,156.7009
77.27344,157.1614
77.2998,157.1379
75.45117,156.4561
76.4248,156.8013
76.37598,156.8145
76.75098,156.8359
79.30078,157.7935
77.36328,157.0503
78.33203,157.4492
78.87793,157.6353
78.2998,157.344
77.67285,157.1809
78.40723,157.4429
76.61426,156.6714
79.68945,157.824
74.82617,155.9634
76.8252,156.8123
74.68066,156.1099
63.09961,152.272
34.16406,140.8933
NaN,NaN
NaN,NaN
NaN,NaN
NaN,NaN
50.28418,146.4929
67.22363,153.6099
71.54102,155.2754
73.27637,155.9929
73.05176,155.9536
72.79492,155.9348
72.79785,155.8855
71.06836,155.2808
70.76953,155.2585
69.28516,154.8289
69.51465,155.0559
66.12256,155.1719
66.30127,155.2056
66.10254,155.1384
65.26709,154.9277
65.29346,154.9341
64.94434,154.8616
64.8125,154.8103
64.43799,154.6267
64.65381,154.8289
64.86523,154.7246
65.55811,154.8347
70.04639,155.6155
72.12842,156.2307
71.36182,155.9905
71.71484,156.113
70.66016,155.7905
70.6416,155.7766
70.08154,155.5999
68.5415,155.2969
67.75146,155.0667
58.14453,152.354
52.66357,150.8704
53.03857,151.1804
53.42041,151.3765
53.15723,151.1533
53.63965,151.5833
53.9668,151.8159
53.50977,151.4053
53.57031,151.4568
53.70068,151.6453
53.77148,151.595
54.03955,151.8696
54.97266,152.2058
54.20898,152.1294
54.46045,152.2061
54.4624,152.2136
54.43115,152.1067
54.46582,152.1538
54.16162,151.9897
54.47607,152.2327
54.44092,152.1289
54.25098,152.4482
58.17969,154.9731
NaN,NaN
NaN,NaN
NaN,NaN
NaN,NaN
NaN,NaN
NaN,NaN
NaN,NaN
63.33105,155.4377
63.19922,155.8809
60.83154,154.0579
59.32275,153.5588
58.51611,153.1318
57.02246,151.9868
54.34619,150.9482
53.95313,150.6929
54.43799,150.9265
55.46875,151.084
61.29785,151.8857
62.71973,152.3271
63.09863,152.4768
64.17578,152.7563
64.23291,152.7551
65.44678,153.1516
66.06006,153.2583
66.60596,153.4487
66.6167,153.4958
67.86621,153.8975
69.25537,154.4348
69.84814,154.6746
68.8418,154.3201
70.29541,154.8149
70.82178,155.0657
87.9502,160.6887
93.68115,162.853
93.97949,162.9766
98.87256,164.8145
98.6123,164.676
100.2656,165.3572
97.2041,164.3279
97.27197,164.3408
97.61572,164.4836
97.8623,164.5859
96.34473,164.0723
98.10449,164.7852
82.76367,159.3999
63.52979,154.3096
63.32129,154.427
63.18457,154.3535
63.104,154.3254
62.8291,154.4131
62.90869,154.3782
62.80713,154.3179
62.46533,154.5056
62.77344,154.7039
63.62598,157.0518
64.06836,157.3184
64.17822,157.4238
64.37451,157.5425
64.08545,157.3342
63.78467,157.0786
63.87549,157.1289
63.7832,157.0703
63.6792,156.97
63.74316,156.9348
63.64355,156.8904
63.74219,157.0063
63.67139,156.9666
64.23975,157.4895
63.72021,157.0347
64.26074,157.4653
64.51709,157.6633
64.78125,157.9353
63.33643,156.1211
87.46143,161.4492
115.5903,171.6367
131.8125,177.4028
132.2539,177.51
136.4961,179.2249
133.5215,178.0171
138.8398,180.1487
138.8184,180.1294
137.7979,179.6628
143.5688,182.5164
140.0054,181.1187
145.0801,183.1013
146.0835,183.4871
147.1104,183.9004
143.2178,182.3792
147.2437,183.958
144.2471,182.7778
131.2583,177.6453
130.8525,177.4851
131.4551,177.7336
128.7144,176.675
128.7969,176.6824
140.5205,181.2363
140.27,181.1589
142.2646,181.8877
144.2148,182.7007
143.8311,182.5337
143.749,182.5044
142.4814,182.0159
160.1694,189.0527
159.3564,188.7434
160.9189,189.3704
158.7524,188.4871
162.6987,190.0698
163.6733,190.4607
162.8237,190.1282
162.7017,190.093
173.624,194.4814
170.2642,193.1328
168.4648,192.4109
168.8154,192.553
169.3179,192.7534
166.7734,191.7336
167.6572,192.0876
168.9854,192.6184
163.3643,190.3721
159.6821,188.9031
161.6519,189.688
162.8931,190.1829
162.5898,190.0625
163.3877,190.3806
162.2793,189.936
164.2544,190.7268
167.1221,191.8755
163.8955,190.5789
154.481,186.8289
153.3296,186.3699
153.2383,186.3396
150.6553,185.3164
153.4961,186.4429
152.8394,186.1826
153.2139,186.3306
148.1055,184.3086
122.2939,174.2529
121.0225,173.7673
120.854,173.7031
121.374,173.9014
120.3315,173.5032
121.0464,173.7764
122.5195,174.3381
123.833,174.8403
121.332,173.8831
124.396,175.0574
122.4131,174.2981
121.5713,173.9758
121.9219,174.1028
123.5015,174.7097
123.4873,174.71
122.4839,174.324
123.5288,174.7097
118.9404,172.8533
119.397,173.0205
119.0029,172.8948
118.8359,172.8096
120.0835,173.312
122.0483,174.0874
121.729,173.9519
133.2974,178.4875
131.5986,177.8347
129.7808,177.1316
128.4448,176.6147
130.2217,177.3003
128.8091,176.7537
83.45117,157.4888
85.81104,158.2649
92.26758,160.7432
102.7173,164.9749
105.7236,166.0605
113.4766,169.1208
119.1509,171.387
119.4258,171.5359
119.2026,171.4456
113.6597,169.27
109.8076,167.8906
106.7637,166.7017
106.4531,166.5132
107.3491,166.9768
108.7397,167.5149
99.2334,163.1538
102.3154,164.4573
102.0181,164.3101
101.6265,164.2031
100.5903,163.8025
98.92285,163.1929
97.79395,162.7559
96.29102,162.1538
92.95117,160.7974
94.14453,161.238
93.81787,161.0742
102.9565,164.8911
102.0166,164.4907
101.0273,164.0286
102.5615,164.7332
36.19824,142.2024
36.7876,144.9392
34.99756,144.3418
35.0874,144.4949
35.19922,144.5149
36.01074,145.1055
35.06982,144.7061
32.61719,143.3586
33.3584,143.6318
33.95996,143.8425
35.64795,144.2307
66.97363,154.6572
66.94043,154.6274
65.54053,154.2302
64.396,153.8494
61.54395,153.009
63.9668,155.1516
NaN,NaN
NaN,NaN
NaN,NaN
NaN,NaN
NaN,NaN
NaN,NaN
100.5366,165.7942
86.71924,159.8315
81.55859,157.3113
65.3501,151.1267
60.14697,148.7075
60.21875,148.8
60.89648,149.0735
60.4541,149.0032
62.09717,149.6338
73.28369,153.5513
75.56934,154.5344
75.75098,154.5681
75.83936,154.5212
80.20557,156.2295
78.52441,155.5657
83.19727,157.4624
81.83057,156.8408
84.25,157.8069
83.22705,157.3616
83.40332,157.4617
84.45947,157.8079
92.83887,160.9241
93.73975,161.269
91.06104,160.2068
90.67969,159.9431
90.79443,159.9944
91.96729,160.5911
91.58008,160.5093
90.30176,159.8335
89.7373,159.6484
90.56201,160.0889
90.21045,159.8103
89.6001,159.7012
89.73193,159.7781
88.8877,159.3767
89.25732,159.6563
87.02344,158.7825
88.86035,159.6338
81.24707,156.6885
86.0625,160.6589
NaN,NaN
NaN,NaN
NaN,NaN
NaN,NaN
NaN,NaN
NaN,NaN
NaN,NaN
NaN,NaN
NaN,NaN
NaN,NaN
NaN,NaN
NaN,NaN
NaN,NaN
NaN,NaN
119.3452,172.3564
106.0107,166.084
82.56982,155.8762
77.03809,153.7903
75.67236,153.3169
74.87354,153.1799
71.125,151.6567
76.65527,153.7197
78.41162,154.7083
82.51807,156.3516
82.51123,156.3987
82.85938,156.5864
85.24561,157.6187
86.2583,158.1055
79.50879,155.3276
68.64648,151.1162
71.49414,152.3752
71.0415,152.3203
71.66846,152.553
74.1001,153.4866
72.47803,152.9448
80.25928,155.928
83.40771,156.8184
87.13184,158.3345
86.66553,158.1702
86.48193,158.134
88.21973,158.864
87.73145,158.6387
90.91699,159.9546
87.45654,158.5955
87.55664,158.7468
88.88916,159.1331
87.32715,158.5884
82.51123,156.5774
77.71875,154.6965
80.8584,155.9675
81.04053,156.1306
80.67969,155.8884
80.91748,156.0039
79.19287,155.3542
79.87305,155.6921
80.85791,156.145
82.63184,156.7815
70.03174,151.9934
48.11719,143.988
49.05908,144.426
49.63037,144.5999
48.70215,144.2869
49.50635,144.5522
48.73193,144.2754
50.29297,144.9319
49.94434,144.6919
50.62158,144.9722
50.83203,145.1812
50.58838,145.1414
51.96143,145.6501
51.27881,145.4241
52.88281,146.196
52.38574,146.0845
53.55762,146.7039
53.01709,146.4336
56.46436,147.3977
72.83936,152.6807
76.74072,154.3613
77.13916,154.5188
77.86523,154.7502
79.86475,155.5542
79.67432,155.5322
77.82617,154.7229
79.12695,155.3015
79.09033,155.3076
78.30566,155.0535
80.26221,155.7952
78.00146,154.9565
80.23779,155.8499
78.47852,155.2927
80.03174,155.8076
62.61475,149.5903
58.74756,148.4133
57.38135,147.9739
58.93408,148.5754
59.54395,148.8005
60.27295,149.0974
62.104,149.8528
61.5791,149.6689
60.70996,149.283
58.27295,148.314
58.69971,148.5544
58.41406,148.5015
58.87354,148.7307
59.62207,148.9902
59.81445,149.05
59.34863,148.8899
71.47021,152.8096
74.34961,153.8335
75.69775,154.3394
74.7207,154.0081
75.73633,154.3582
75.14258,154.1711
77.89014,155.2319
78.12207,155.3044
75.99951,154.5562
77.54102,155.25
68.67041,152.0117
50.75146,146.1628
52.28418,146.9233
51.75146,146.7065
51.88232,146.7854
52.23828,146.834
51.02832,146.405
51.71484,146.6069
52.37549,146.8674
66.95654,151.0186
69.60449,152.0244
70.87549,152.4658
70.02197,152.1326
72.1582,153.0208
68.49512,151.4175
69.2168,151.7266
70.07178,152.1145
69.85205,152.0662
69.44092,151.8821
68.95801,151.6743
71.26221,152.6738
70.81934,152.481
67.90771,151.2515
72.31982,153.0127
70.7749,152.48
71.33057,152.7556
73.16699,153.5786
71.12354,152.6858
71.88965,152.9497
74.61523,154.1108
77.03369,154.9592
81.32227,156.5598
84.42627,157.7908
86.14844,158.5076
81.5791,156.6624
80.00439,156.3093
78.41406,155.6902
65.08252,153.1802
65.77344,153.9839
65.09277,153.7651
65.14893,153.7236
64.3667,153.4836
63.81348,153.3564
61.98828,152.7397
60.8418,152.416
54.94043,150.6477
56.72803,152.4397
NaN,NaN
NaN,NaN
NaN,NaN
66.40869,154.4138
50.11133,146.6313
39.58984,141.3691
36.07764,139.5747
38.06152,140.3342
42.33496,141.9604
41.17627,141.4092
45.34961,143.2051
46.24219,143.3596
51.37207,147.645
51.47363,147.6631
52.92383,148.1604
53.17969,148.3245
53.65918,148.5994
53.50293,148.4768
55.0498,149.2493
54.60742,149.0994
55.88086,149.7004
57.12012,150.1089
56.70361,149.9951
61.66797,152.0396
62.25146,152.4524
61.88672,152.2947
61.84717,152.3118
62.39746,152.5471
61.81299,152.3762
63.21387,152.927
62.82178,152.7451
54.98975,146.01
66.85742,150.3079
71.68164,152.2637
70.74268,151.9167
70.01367,151.5134
69.51807,151.25
70.08203,151.4297
71.25928,151.9048
73.75635,153.0242
73.29004,152.8171
71.07227,152.0774
73.59375,152.9478
74.22949,153.3503
71.60693,152.2739
73.95557,153.0977
78.42432,154.6475
81.9624,156.0391
82.96338,156.4739
82.55762,156.2446
81.16895,155.6528
82.24902,156.1729
84.02344,156.8359
82.73047,156.3315
81.8877,156.0264
55.64844,146.3977
58.94775,147.886
58.45654,147.6311
58.52588,147.5896
56.33545,146.7241
57.70801,147.3713
57.64063,147.2837
58.58838,147.6855
58.9502,147.7188
55.96484,146.4922
57.62695,147.2344
56.10303,146.5588
61.07764,148.4026
65.86182,150.1589
66.20117,150.3264
64.42969,149.5183
64.40527,149.5095
63.91846,149.3657
47.99121,143.1973
28.1582,136.6677
22.20313,136.2793
46.99902,149.5227
NaN,NaN
NaN,NaN
NaN,NaN
48.44678,147.3757
47.71191,144.6064
38.11279,138.8525
31.01465,134.7092
34.51025,135.9067
38.75098,137.6365
39.31689,137.7185
45.3667,140.231
47.11768,140.8774
51.67041,142.9189
50.33789,142.2036
55.45313,144.3323
57.02246,144.8716
58.97021,145.9724
64.104,147.9648
65.15527,148.5044
82.72021,155.7278
89.94531,158.5828
95.88037,161.0854
95.7959,161.1506
94.25488,160.6018
98.39111,162.2837
102.2822,163.8184
99.08252,162.5417
99.47412,162.8037
100.5996,163.3003
98.69043,162.4258
100.8472,163.4514
98.43066,162.53
99.76758,163.1685
103.0073,164.4668
99.32861,162.8523
102.0923,164.1018
99.37744,162.9011
99.62988,163.0571
100.9639,163.6465
100.7793,163.6567
100.3901,163.5386
100.5645,163.5493
99.78369,163.3091
99.58301,163.1584
100.1816,163.4841
84.89404,157.5232
83.82031,157.0696
84.89404,157.5083
80.12891,155.6362
80.07373,155.7708
81.00195,156.0403
84.58154,157.5146
83.43408,157.03
86.02002,158.1819
85.49609,158.0706
85.37988,157.9304
83.00781,156.9919
80.89063,156.0977
85.22412,157.8533
83.19043,157.1306
82.66797,156.8765
84.05615,157.4844
84.52637,157.6348
82.01025,156.6606
82.61914,156.9441
80.23242,155.959
81.75879,156.5283
80.63818,155.5261
81.70654,156.0081
85.14648,157.2957
85.3125,157.4768
85.4751,157.4807
84.9707,157.3735
83.16748,156.561
84.43115,157.0945
86.42285,157.8518
84.64014,157.2273
82.82471,156.4553
83.31348,156.7058
86.22803,157.9048
83.65771,156.843
84.16846,156.9961
85.27344,157.5735
84.83008,157.3447
83.29053,156.6956
86.44629,157.8945
62.74609,148.9951
62.69775,149.114
60.4541,148.1907
56.39209,146.7837
48.76953,144.5378
NaN,NaN
NaN,NaN
NaN,NaN
NaN,NaN
NaN,NaN
NaN,NaN
57.36914,151.4585
43.32617,144.6367
37.45361,141.7283
38.56445,142.2312
40.62939,142.8425
41.63281,143.3728
42.89648,143.9048
58.854,147.4565
69.19971,151.3704
71.20898,152.0703
74.74512,153.6296
76.84521,154.2615
77.84863,154.7373
76.104,153.8606
77.95752,154.7332
78.11182,154.7898
82.25586,156.4114
83.41797,156.9607
83.14893,156.7959
83.8623,157.1414
82.82617,156.4224
82.85449,156.6482
75.8457,154.1873
75.45361,156.323
NaN,NaN
NaN,NaN
NaN,NaN
NaN,NaN
NaN,NaN
NaN,NaN
NaN,NaN
65.31348,152.6133
57.01221,148.5806
48.15771,144.5342
44.48242,141.6772
37.20752,137.7944
40.92334,139.3616
41.37598,139.5146
43.26465,140.1047
44.94287,140.8772
47.45313,141.7761
49.17871,142.5945
55.39258,145.032
54.2583,144.5313
50.75586,144.4014
58.03369,152.1326
58.23877,151.7725
58.18066,151.5762
57.50586,151.4524
57.12695,151.105
58.56348,151.6958
57.23486,151.2268
59.53027,152.2146
59.06104,152.0105
59.30518,152.1777
59.28418,152.0359
59.08447,151.9951
59.92627,152.3464
58.75244,152.0232
58.93848,152.012
59.19824,152.231
59.68652,152.3804
60.58691,152.7761
59.26904,152.4958
56.01953,152.1926
57.71191,153.1055
58.70166,153.6631
58.53662,153.7539
57.01318,153.0928
58.34326,153.8489
58.29883,153.9438
57.98682,153.968
58.85547,154.4646
58.85156,154.5347
57.15088,153.2571
48.4707,143.8745
53.68994,144.8818
60.13428,147.7688
66.13818,150.1509
66.18945,149.9766
60.76123,147.8359
64.48047,149.312
64.10449,149.1943
64.26514,149.0564
65.11865,149.4211
67.23389,150.0942
77.05078,154.0522
75.67285,153.5747
82.8501,156.5632
85.53223,157.7312
80.29785,155.4648
81.06543,155.6724
67.99902,151.2065
83.4209,170.7847
146.5444,203.6038
146.9819,203.8804
148.394,204.5942
146.7676,203.8069
146.6035,203.7266
145.8716,203.3845
183.6484,222.7568
178.4341,220.2065
177.3311,219.6528
176.4307,219.2061
184.6758,223.282
175.7979,218.8613
180.9829,221.3999
184.0703,222.9568
183.5176,222.498
176.7383,218.9487
183.752,222.5054
187.2915,224.282
181.4233,221.3279
180.9346,221.1023
185.77,223.5132
182.3486,221.8091
176.7266,218.9724
181.1602,221.248
181.0786,221.1938
174.8052,218.0398
180.0771,220.6772
180.1089,220.6877
184.8257,223.1494
182.3623,221.9409
179.2666,220.4397
185.8257,223.6648
182.4536,222.0081
184.6118,223.0588
187.5718,224.5244
183.8301,222.6973
181.7734,221.6045
183.0215,222.2925
185.4185,223.4988
186.0659,223.7759
187.4155,224.4788
180.0757,220.7566
180.6133,221.0093
182.0557,221.7651
199.04,230.4426
206.3594,234.0825
206.9336,234.3647
200.2803,231.0759
202.5635,232.2109
198.9512,230.396
202.9199,232.4009
202.8584,232.3071
206.9614,234.3362
209.3604,235.5159
203.1387,232.4336
208.0693,234.8779
207.8755,234.7834
207.9541,234.7883
203.6245,232.6584
190.1328,226.0203
192.8799,227.4084
192.0986,227.0203
196.5894,229.2537
190.1304,226.0193
184.4136,223.2031
188.2954,225.1069
187.1025,224.4883
188.6548,225.2949
186.2808,224.1482
193.9233,227.897
187.3657,224.6604
188.958,225.4072
191.2729,226.5298
192.0439,226.9429
193.3169,227.5146
194.6528,228.2249
193.5415,227.7188
193.8696,227.8101
198.3804,230.1174
195.4937,228.6504
194.2944,228.0574
199.9639,230.9043
196.8164,229.3308
205.7676,233.8081
211.4775,236.6506
218.4214,240.1516
228.1382,244.9958
262.9478,261.9849
273.5093,266.9556
NaN,NaN
NaN,NaN
NaN,NaN
NaN,NaN
NaN,NaN
NaN,NaN
NaN,NaN
NaN,NaN
NaN,NaN
216.6978,238.9561
226.5483,243.9097
237.2354,249.1724
237.8525,249.4441
227.1382,244.0713
172.8774,216.8945
180.0474,220.5425
167.7632,214.3203
127.585,193.7107
87.18115,172.1333
58.02686,154.8857
58.47461,154.4443
59.88867,155.1653
60.30859,155.0129
60.88428,155.0898
61.42383,155.6814
57.27881,152.3103
57.93652,151.7383
60.88525,152.9236
61.44678,153.0254
61.84766,153.0491
64.04932,153.9502
65.95166,154.4812
63.60986,154.9385
64.29102,155.189
64.26904,155.2144
64.73633,155.1812
64.21045,155.2185
64.50439,155.1758
64.92139,155.0962
64.30957,154.9768
65.07959,154.9456
68.31836,155.4373
69.9248,155.6069
70.16797,155.7366
70.11328,155.72
69.97119,155.6196
71.36719,156.1348
71.18799,155.9849
73.25684,156.4778
78.80859,157.9385
81.93066,159.0164
80.12012,158.5093
86.99658,161.2583
NaN,NaN
NaN,NaN
NaN,NaN
NaN,NaN
NaN,NaN
NaN,NaN
NaN,NaN
NaN,NaN
NaN,NaN
NaN,NaN
NaN,NaN
NaN,NaN
101.8979,166.5874
100.2183,165.8862
100.3267,165.7671
99.36035,165.4202
99.94971,165.5784
101.8511,166.2493
102.8682,166.677
98.6377,165.135
98.8999,165.2163
101.4688,166.2251
85.03369,160.4346
80.52246,159.0007
81.1792,159.2314
80.0293,158.8467
81.5459,159.3918
80.36035,158.9646
80.78467,159.1648
80.7334,159.1458
59.01074,153.3726
80.4668,169.4434
83.31299,170.8796
80.15088,169.0349
85.28271,171.7283
85.29102,171.6563
87.92334,173.1245
89.2793,173.8574
152.8447,206.9629
194.3848,227.8738
188.6094,224.949
198.9956,230.1128
197.2471,229.2332
199.748,230.5137
205.3037,233.2495
204.7925,232.9968
203.9287,232.5593
216.751,238.9211
207.3242,234.2415
209.4048,235.2888
211.9858,236.573
221.5371,241.3105
217.7573,239.4436
188.856,225
188.4297,224.8181
182.9761,222.0774
187.4819,224.375
189.0298,225.1233
190.2598,225.75
192.8545,227.0281
188.0786,224.6196
190.0664,225.6418
153.0708,206.9114
136.207,198.2654
135.7578,198.0144
144.3052,202.5259
NaN,NaN
NaN,NaN
NaN,NaN
NaN,NaN
NaN,NaN
NaN,NaN
72.854,156.49
67.69238,154.4956
69.38379,154.9709
67.21533,154.4993
66.31445,153.759
67.62354,154.2744
69.12207,154.7349
65.7085,153.6074
67.69238,154.3149
66.58105,154.0911
65.33936,153.73
64.1958,153.3259
65.36084,153.5935
65.14307,153.5417
63.99756,153.1084
57.54248,151.9448
58.62109,152.4761
58.00342,152.3293
83.10986,169.6387
131.1489,196.4727
127.0479,194.5945
134.9575,198.4875
138.918,200.4373
140.0454,200.9609
137.2871,199.6042
137.4204,199.8076
102.3613,182.1543
88.27734,175.4971
93.14746,177.8982
90.2207,176.5168
92.97852,178.3142
95.63477,179.9673
81.96777,172.4751
72.44922,167.8323
71.97754,167.426
74.90234,169.1311
76.06543,169.4502
74.875,169.1555
63.46875,163.0068
55.85742,159.4238
63.01563,162.875
55.30566,159.2437
55.26074,159.1973
59.05957,160.939
65.15723,164.4502
69.06738,166.6626
61.7832,162.8914
61.1123,162.6272
60.37695,162.4919
67.15918,165.9055
65.34473,164.2271
74.25879,168.113
77.50586,169.5798
75.56348,169.1277
77.52344,169.5669
77.2832,169.9163
73.08496,167.5479
89.62988,175.9124
114.8252,188.2031
115.7808,188.5574
110.1353,185.6543
111.8745,186.4963
110.375,185.8279
111.7041,186.6401
115.4976,188.4302
119.5371,190.4395
121.6123,191.5984
121.7666,191.6382
119.5713,190.5815
123.8921,192.6875
117.4824,189.5288
119.1118,190.3096
120.8779,191.2627
82.8999,169.9146
66.4165,159.438
65.54248,158.7363
65.04932,158.3481
64.66553,157.9688
64.22363,157.5659
63.9668,157.5342
64.50928,157.9006
64.64746,158.0283
64.13232,157.6521
64.84229,158.3254
64.62109,155.1912
65.34961,155.0828
66.09473,155.2622
65.13525,155.1877
65.2002,155.1321
64.86426,155.1836
NaN,NaN
NaN,NaN
NaN,NaN
NaN,NaN
NaN,NaN
NaN,NaN
NaN,NaN
NaN,NaN
64.94092,154.9961
63.67236,153.9026
62.88184,153.2671
60.48633,152.6934
61.95654,153.2639
62.21973,153.2224
63.76074,153.8938
63.71484,153.7761
63.90918,154.0027
65.56494,154.4475
65.92627,154.7488
75.8042,166.1248
91.38281,176.9976
92.61328,177.5571
89.95215,176.2192
92.04688,177.4424
95.06055,178.6936
92.00391,177.3621
94.7959,178.5645
97.07422,179.8318
61.52783,154.948
92.146,163.0496
117.3008,172.2681
118.6743,172.8008
121.062,173.76
121.5181,173.9204
117.3608,172.354
NaN,NaN
NaN,NaN
NaN,NaN
NaN,NaN
NaN,NaN
NaN,NaN
NaN,NaN
NaN,NaN
NaN,NaN
NaN,NaN
NaN,NaN
NaN,NaN
NaN,NaN
NaN,NaN
NaN,NaN
NaN,NaN
NaN,NaN
NaN,NaN
NaN,NaN
NaN,NaN
NaN,NaN
NaN,NaN
NaN,NaN
NaN,NaN
NaN,NaN
NaN,NaN
NaN,NaN
NaN,NaN
NaN,NaN
NaN,NaN
NaN,NaN
NaN,NaN
NaN,NaN
NaN,NaN
NaN,NaN
NaN,NaN
NaN,NaN
106.5488,167.7419
67.88623,152.6125
69.94824,153.4058
69.63184,153.3645
73.32715,154.6926
69.80176,153.1084
73.62646,154.7534
68.51172,152.7681
75.67676,155.481
70.95166,153.4575
69.60596,153.1089
53.13672,146.741
46.30615,143.782
48.25146,144.6353
47.38818,144.9365
48.44043,144.79
45.11572,143.823
53.89795,147.2815
47.9165,145.0776
47.45605,144.6196
48.87402,145.3821
51.29883,146.3965
48.12646,144.7947
61.92871,149.0415
65.62354,149.8005
73.8374,153.5229
81.03613,156.8958
70.83789,152.1755
73.50195,153.1687
75.48584,154.0732
66.79346,150.7764
71.20557,152.7529
71.36523,151.9355
61.50488,147.6223
NaN,NaN
85.83008,158.2466
70.34863,151.812
77.36621,154.6453
76.61133,154.3167
69.75635,151.5396
72.54053,152.3223
75.84424,154.3076
77.64258,154.8691
68.59521,151.3167
69.99805,151.5295
72.20605,152.2883
73.13672,152.8586
79.51807,155.7324
61.06396,148.5637
64.95508,150.1255
65.72705,150.156
63.2251,149.1709
61.0791,148.554
